"","unique_name","betacov","sarbecov","preds_allbetacov","preds_sarbecovirus"
"Paranyctimene_raptor","Paranyctimene_raptor",0,0,0.121827411167512,0.00204290091930575
"Nyctimene_aello","Nyctimene_aello",0,0,0.121827411167512,0.00204290091930575
"Nyctimene_certans","Nyctimene_certans",0,0,0.121827411167512,0.00204290091930575
"Nyctimene_cyclotis","Nyctimene_cyclotis",0,0,0.121827411167512,0.00204290091930575
"Nyctimene_major","Nyctimene_major",0,0,0.121827411167512,0.00204290091930575
"Nyctimene_robinsoni","Nyctimene_robinsoni",0,0,0.121827411167512,0.00204290091930575
"Nyctimene_albiventer","Nyctimene_albiventer",0,0,0.121827411167512,0.00204290091930575
"Nyctimene_draconilla","Nyctimene_draconilla",0,0,0.121827411167512,0.00204290091930575
"Nyctimene_minutus","Nyctimene_minutus",0,0,0.047112462681757,0.00204290091930575
"Nyctimene_cephalotes","Nyctimene_cephalotes",0,0,0.047112462681757,0.00204290091930575
"Nyctimene_rabori","Nyctimene_rabori",0,0,0.047112462681757,0.00204290091930575
"Nyctimene_malaitensis","Nyctimene_malaitensis",0,0,0.047112462681757,0.00204290091930575
"Nyctimene_masalai","Nyctimene_masalai",0,0,0.047112462681757,0.00204290091930575
"Nyctimene_vizcaccia","Nyctimene_vizcaccia",0,0,0.047112462681757,0.00204290091930575
"Sphaerias_blanfordi","Sphaerias_blanfordi",0,0,0.121827411167512,0.00204290091930575
"Alionycteris_paucidentata","Alionycteris_paucidentata",0,0,0.047112462681757,0.00204290091930575
"Otopteropus_cartilagonodus","Otopteropus_cartilagonodus",0,0,0.047112462681757,0.00204290091930575
"Haplonycteris_fischeri","Haplonycteris_fischeri",0,0,0.047112462681757,0.00204290091930575
"Latidens_salimalii","Latidens_salimalii",0,0,0.047112462681757,0.00204290091930575
"Penthetor_lucasi","Penthetor_lucasi",0,0,0.047112462681757,0.00204290091930575
"Thoopterus_nigrescens","Thoopterus_nigrescens",0,0,0.047112462681757,0.00204290091930575
"Aethalops_alecto","Aethalops_alecto",0,0,0.047112462681757,0.00204290091930575
"Aethalops_aequalis","Aethalops_aequalis",0,0,0.047112462681757,0.00204290091930575
"Balionycteris_maculata","Balionycteris_maculata",0,0,0.047112462681757,0.00204290091930575
"Chironax_melanocephalus","Chironax_melanocephalus",0,0,0.047112462681757,0.00204290091930575
"Dyacopterus_spadiceus","Dyacopterus_spadiceus",1,0,0.047112462681757,0.00204290091930575
"Dyacopterus_brooksi","Dyacopterus_brooksi",0,0,0.047112462681757,0.00204290091930575
"Ptenochirus_jagori","Ptenochirus_jagori",1,0,0.047112462681757,0.00204290091930575
"Ptenochirus_minor","Ptenochirus_minor",0,0,0.047112462681757,0.00204290091930575
"Megaerops_ecaudatus","Megaerops_ecaudatus",0,0,0.047112462681757,0.00204290091930575
"Megaerops_kusnotoi","Megaerops_kusnotoi",0,0,0.047112462681757,0.00204290091930575
"Megaerops_niphanae","Megaerops_niphanae",1,0,0.047112462681757,0.00204290091930575
"Megaerops_wetmorei","Megaerops_wetmorei",0,0,0.047112462681757,0.00204290091930575
"Cynopterus_sphinx","Cynopterus_sphinx",1,0,0.047112462681757,0.00204290091930575
"Cynopterus_brachyotis","Cynopterus_brachyotis",1,0,0.047112462681757,0.00204290091930575
"Cynopterus_luzoniensis","Cynopterus_luzoniensis",0,0,0.047112462681757,0.00204290091930575
"Cynopterus_minutus","Cynopterus_minutus",0,0,0.047112462681757,0.00204290091930575
"Cynopterus_nusatenggara","Cynopterus_nusatenggara",0,0,0.047112462681757,0.00204290091930575
"Cynopterus_horsfieldii","Cynopterus_horsfieldii",1,0,0.121827411167512,0.00204290091930575
"Cynopterus_titthaecheilus","Cynopterus_titthaecheilus",0,0,0.121827411167512,0.00204290091930575
"Rousettus_bidens","Rousettus_bidens",0,0,0.121827411167512,0.00204290091930575
"Lissonycteris_angolensis","Lissonycteris_angolensis",0,0,0.121827411167512,0.00204290091930575
"Megaloglossus_woermanni","Megaloglossus_woermanni",1,0,0.121827411167512,0.00204290091930575
"Eidolon_helvum","Eidolon_helvum",1,0,0.121827411167512,0.00204290091930575
"Eidolon_dupreanum","Eidolon_dupreanum",1,0,0.121827411167512,0.00204290091930575
"Myonycteris_relicta","Myonycteris_relicta",0,0,0.121827411167512,0.00204290091930575
"Myonycteris_brachycephala","Myonycteris_brachycephala",0,0,0.047112462681757,0.00204290091930575
"Myonycteris_torquata","Myonycteris_torquata",0,0,0.047112462681757,0.00204290091930575
"Rousettus_lanosus","Rousettus_lanosus",0,0,0.047112462681757,0.00204290091930575
"Rousettus_aegyptiacus","Rousettus_aegyptiacus",1,0,0.047112462681757,0.00204290091930575
"Rousettus_amplexicaudatus","Rousettus_amplexicaudatus",1,0,0.047112462681757,0.00204290091930575
"Rousettus_celebensis","Rousettus_celebensis",0,0,0.121827411167512,0.00204290091930575
"Rousettus_leschenaultii","Rousettus_leschenaultii",1,0,0.047112462681757,0.00204290091930575
"Rousettus_madagascariensis","Rousettus_madagascariensis",0,0,0.047112462681757,0.00204290091930575
"Rousettus_obliviosus","Rousettus_obliviosus",0,0,0.047112462681757,0.00204290091930575
"Rousettus_spinalatus","Rousettus_spinalatus",0,0,0.047112462681757,0.00204290091930575
"Plerotes_anchietae","Plerotes_anchietae",0,0,0.121827411167512,0.00204290091930575
"Casinycteris_argynnis","Casinycteris_argynnis",0,0,0.121827411167512,0.00204290091930575
"Scotonycteris_ophiodon","Scotonycteris_ophiodon",0,0,0.121827411167512,0.00204290091930575
"Scotonycteris_zenkeri","Scotonycteris_zenkeri",0,0,0.047112462681757,0.00204290091930575
"Nanonycteris_veldkampii","Nanonycteris_veldkampii",0,0,0.047112462681757,0.00204290091930575
"Hypsignathus_monstrosus","Hypsignathus_monstrosus",0,0,0.047112462681757,0.00204290091930575
"Epomops_buettikoferi","Epomops_buettikoferi",0,0,0.047112462681757,0.00204290091930575
"Epomops_dobsonii","Epomops_dobsonii",0,0,0.047112462681757,0.00204290091930575
"Epomops_franqueti","Epomops_franqueti",1,0,0.047112462681757,0.00204290091930575
"Micropteropus_intermedius","Micropteropus_intermedius",0,0,0.047112462681757,0.00204290091930575
"Micropteropus_pusillus","Micropteropus_pusillus",1,0,0.047112462681757,0.00204290091930575
"Epomophorus_wahlbergi","Epomophorus_wahlbergi",0,0,0.047112462681757,0.00204290091930575
"Epomophorus_angolensis","Epomophorus_angolensis",0,0,0.047112462681757,0.00204290091930575
"Epomophorus_gambianus","Epomophorus_gambianus",1,0,0.047112462681757,0.00204290091930575
"Epomophorus_crypturus","Epomophorus_crypturus",0,0,0.047112462681757,0.00204290091930575
"Epomophorus_grandis","Epomophorus_grandis",0,0,0.047112462681757,0.00204290091930575
"Epomophorus_labiatus","Epomophorus_labiatus",1,0,0.047112462681757,0.00204290091930575
"Epomophorus_minor","Epomophorus_minor",0,0,0.047112462681757,0.00204290091930575
"Epomophorus_minimus","Epomophorus_minimus",0,0,0.047112462681757,0.00204290091930575
"Eonycteris_major","Eonycteris_major",0,0,0.047112462681757,0.00204290091930575
"Eonycteris_robusta","Eonycteris_robusta",0,0,0.047112462681757,0.00204290091930575
"Eonycteris_spelaea","Eonycteris_spelaea",1,0,0.047112462681757,0.00204290091930575
"Macroglossus_minimus","Macroglossus_minimus",0,0,0.047112462681757,0.00204290091930575
"Macroglossus_sobrinus","Macroglossus_sobrinus",0,0,0.047112462681757,0.00204290091930575
"Syconycteris_australis","Syconycteris_australis",0,0,0.047112462681757,0.00204290091930575
"Syconycteris_carolinae","Syconycteris_carolinae",0,0,0.047112462681757,0.00204290091930575
"Syconycteris_hobbit","Syconycteris_hobbit",0,0,0.047112462681757,0.00204290091930575
"Notopteris_macdonaldi","Notopteris_macdonaldi",0,0,0.047112462681757,0.00204290091930575
"Notopteris_neocaledonica","Notopteris_neocaledonica",0,0,0.047112462681757,0.00204290091930575
"Melonycteris_melanops","Melonycteris_melanops",0,0,0.047112462681757,0.00204290091930575
"Melonycteris_woodfordi","Melonycteris_woodfordi",0,0,0.047112462681757,0.00204290091930575
"Harpyionycteris_celebensis","Harpyionycteris_celebensis",0,0,0.047112462681757,0.00204290091930575
"Harpyionycteris_whiteheadi","Harpyionycteris_whiteheadi",0,0,0.047112462681757,0.00204290091930575
"Dobsonia_beauforti","Dobsonia_beauforti",0,0,0.047112462681757,0.00204290091930575
"Dobsonia_inermis","Dobsonia_inermis",0,0,0.047112462681757,0.00204290091930575
"Dobsonia_praedatrix","Dobsonia_praedatrix",0,0,0.047112462681757,0.00204290091930575
"Dobsonia_viridis","Dobsonia_viridis",0,0,0.047112462681757,0.00204290091930575
"Dobsonia_crenulata","Dobsonia_crenulata",0,0,0.121827411167512,0.00204290091930575
"Dobsonia_minor","Dobsonia_minor",0,0,0.047112462681757,0.00204290091930575
"Dobsonia_peronii","Dobsonia_peronii",0,0,0.047112462681757,0.00204290091930575
"Dobsonia_emersa","Dobsonia_emersa",0,0,0.047112462681757,0.00204290091930575
"Dobsonia_exoleta","Dobsonia_exoleta",0,0,0.047112462681757,0.00204290091930575
"Dobsonia_moluccensis","Dobsonia_moluccensis",1,0,0.047112462681757,0.00204290091930575
"Dobsonia_magna","Dobsonia_magna",0,0,0.047112462681757,0.00204290091930575
"Dobsonia_anderseni","Dobsonia_anderseni",0,0,0.047112462681757,0.00204290091930575
"Dobsonia_pannietensis","Dobsonia_pannietensis",0,0,0.121827411167512,0.00204290091930575
"Styloctenium_wallacei","Styloctenium_wallacei",0,0,0.121827411167512,0.00204290091930575
"Neopteryx_frosti","Neopteryx_frosti",0,0,0.121827411167512,0.00204290091930575
"Pteralopex_acrodonta","Pteralopex_acrodonta",0,0,0.121827411167512,0.00204290091930575
"Pteralopex_anceps","Pteralopex_anceps",0,0,0.121827411167512,0.00204290091930575
"Pteralopex_atrata","Pteralopex_atrata",0,0,0.121827411167512,0.00204290091930575
"Pteralopex_pulchra","Pteralopex_pulchra",0,0,0.047112462681757,0.00204290091930575
"Acerodon_celebensis","Acerodon_celebensis",0,0,0.047112462681757,0.00204290091930575
"Acerodon_humilis","Acerodon_humilis",0,0,0.047112462681757,0.00204290091930575
"Acerodon_jubatus","Acerodon_jubatus",0,0,0.121827411167512,0.00204290091930575
"Acerodon_leucotis","Acerodon_leucotis",0,0,0.047112462681757,0.00204290091930575
"Acerodon_mackloti","Acerodon_mackloti",0,0,0.047112462681757,0.00204290091930575
"Pteropus_speciosus","Pteropus_speciosus",0,0,0.047112462681757,0.00204290091930575
"Pteropus_neohibernicus","Pteropus_neohibernicus",0,0,0.047112462681757,0.00204290091930575
"Pteropus_howensis","Pteropus_howensis",0,0,0.047112462681757,0.00204290091930575
"Pteropus_ornatus","Pteropus_ornatus",0,0,0.121827411167512,0.00204290091930575
"Pteropus_pumilus","Pteropus_pumilus",0,0,0.121827411167512,0.00204290091930575
"Pteropus_melanotus","Pteropus_melanotus",0,0,0.121827411167512,0.00204290091930575
"Pteropus_hypomelanus","Pteropus_hypomelanus",0,0,0.121827411167512,0.00204290091930575
"Pteropus_griseus","Pteropus_griseus",0,0,0.121827411167512,0.00204290091930575
"Pteropus_admiralitatum","Pteropus_admiralitatum",0,0,0.121827411167512,0.00204290091930575
"Pteropus_alecto","Pteropus_alecto",1,0,0.121827411167512,0.00204290091930575
"Pteropus_faunulus","Pteropus_faunulus",0,0,0.121827411167512,0.00204290091930575
"Pteropus_dasymallus","Pteropus_dasymallus",0,0,0.047112462681757,0.00204290091930575
"Pteropus_livingstonii","Pteropus_livingstonii",0,0,0.047112462681757,0.00204290091930575
"Pteropus_melanopogon","Pteropus_melanopogon",0,0,0.121827411167512,0.00204290091930575
"Pteropus_aruensis","Pteropus_aruensis",0,0,0.121827411167512,0.00204290091930575
"Pteropus_keyensis","Pteropus_keyensis",0,0,0.121827411167512,0.00204290091930575
"Pteropus_caniceps","Pteropus_caniceps",0,0,0.121827411167512,0.00204290091930575
"Pteropus_conspicillatus","Pteropus_conspicillatus",0,0,0.047112462681757,0.00204290091930575
"Pteropus_ocularis","Pteropus_ocularis",0,0,0.121827411167512,0.00204290091930575
"Pteropus_anetianus","Pteropus_anetianus",0,0,0.121827411167512,0.00204290091930575
"Pteropus_samoensis","Pteropus_samoensis",0,0,0.121827411167512,0.00204290091930575
"Pteropus_mariannus","Pteropus_mariannus",0,0,0.121827411167512,0.00204290091930575
"Pteropus_pelewensis","Pteropus_pelewensis",0,0,0.121827411167512,0.00204290091930575
"Pteropus_ualanus","Pteropus_ualanus",0,0,0.121827411167512,0.00204290091930575
"Pteropus_yapensis","Pteropus_yapensis",0,0,0.121827411167512,0.00204290091930575
"Pteropus_loochoensis","Pteropus_loochoensis",0,0,0.121827411167512,0.00204290091930575
"Pteropus_tonganus","Pteropus_tonganus",0,0,0.121827411167512,0.00204290091930575
"Pteropus_personatus","Pteropus_personatus",0,0,0.121827411167512,0.00204290091930575
"Pteropus_temminckii","Pteropus_temminckii",0,0,0.121827411167512,0.00204290091930575
"Pteropus_capistratus","Pteropus_capistratus",0,0,0.121827411167512,0.00204290091930575
"Pteropus_macrotis","Pteropus_macrotis",0,0,0.121827411167512,0.00204290091930575
"Pteropus_pohlei","Pteropus_pohlei",0,0,0.121827411167512,0.00204290091930575
"Pteropus_poliocephalus","Pteropus_poliocephalus",0,0,0.121827411167512,0.00204290091930575
"Pteropus_lombocensis","Pteropus_lombocensis",0,0,0.047112462681757,0.00204290091930575
"Pteropus_molossinus","Pteropus_molossinus",0,0,0.121827411167512,0.00204290091930575
"Pteropus_rodricensis","Pteropus_rodricensis",0,0,0.121827411167512,0.00204290091930575
"Pteropus_chrysoproctus","Pteropus_chrysoproctus",0,0,0.121827411167512,0.00204290091930575
"Pteropus_fundatus","Pteropus_fundatus",0,0,0.121827411167512,0.00204290091930575
"Pteropus_rayneri","Pteropus_rayneri",0,0,0.121827411167512,0.00204290091930575
"Pteropus_rennelli","Pteropus_rennelli",0,0,0.121827411167512,0.00204290091930575
"Pteropus_cognatus","Pteropus_cognatus",0,0,0.121827411167512,0.00204290091930575
"Pteropus_giganteus","Pteropus_giganteus",1,0,0.121827411167512,0.00204290091930575
"Pteropus_lylei","Pteropus_lylei",0,0,0.121827411167512,0.00204290091930575
"Pteropus_vampyrus","Pteropus_vampyrus",0,0,0.121827411167512,0.00204290091930575
"Pteropus_intermedius","Pteropus_intermedius",0,0,0.047112462681757,0.00204290091930575
"Pteropus_gilliardorum","Pteropus_gilliardorum",0,0,0.121827411167512,0.00204290091930575
"Pteropus_mahaganus","Pteropus_mahaganus",0,0,0.121827411167512,0.00204290091930575
"Pteropus_scapulatus","Pteropus_scapulatus",0,0,0.121827411167512,0.00204290091930575
"Pteropus_woodfordi","Pteropus_woodfordi",0,0,0.121827411167512,0.00204290091930575
"Pteropus_aldabrensis","Pteropus_aldabrensis",0,0,0.121827411167512,0.00204290091930575
"Pteropus_seychellensis","Pteropus_seychellensis",0,0,0.121827411167512,0.00204290091930575
"Pteropus_niger","Pteropus_niger",0,0,0.121827411167512,0.00204290091930575
"Pteropus_rufus","Pteropus_rufus",1,0,0.121827411167512,0.00204290091930575
"Pteropus_voeltzkowi","Pteropus_voeltzkowi",0,0,0.121827411167512,0.00204290091930575
"Pteropus_insularis","Pteropus_insularis",0,0,0.121827411167512,0.00204290091930575
"Pteropus_leucopterus","Pteropus_leucopterus",0,0,0.121827411167512,0.00204290091930575
"Pteropus_nitendiensis","Pteropus_nitendiensis",0,0,0.121827411167512,0.00204290091930575
"Pteropus_pselaphon","Pteropus_pselaphon",0,0,0.121827411167512,0.00204290091930575
"Pteropus_tuberculatus","Pteropus_tuberculatus",0,0,0.121827411167512,0.00204290091930575
"Pteropus_vetulus","Pteropus_vetulus",0,0,0.047112462681757,0.00204290091930575
"Saccolaimus_peli","Saccolaimus_peli",0,0,0.047112462681757,0.00204290091930575
"Saccolaimus_flaviventris","Saccolaimus_flaviventris",0,0,0.047112462681757,0.00204290091930575
"Saccolaimus_mixtus","Saccolaimus_mixtus",0,0,0.047112462681757,0.00204290091930575
"Saccolaimus_saccolaimus","Saccolaimus_saccolaimus",0,0,0.047112462681757,0.00204290091930575
"Taphozous_hamiltoni","Taphozous_hamiltoni",0,0,0.047112462681757,0.00204290091930575
"Taphozous_nudiventris","Taphozous_nudiventris",0,0,0.047112462681757,0.00204290091930575
"Taphozous_theobaldi","Taphozous_theobaldi",0,0,0.047112462681757,0.00204290091930575
"Taphozous_hilli","Taphozous_hilli",0,0,0.047112462681757,0.00204290091930575
"Taphozous_australis","Taphozous_australis",0,0,0.047112462681757,0.00204290091930575
"Taphozous_georgianus","Taphozous_georgianus",0,0,0.047112462681757,0.00204290091930575
"Taphozous_troughtoni","Taphozous_troughtoni",0,0,0.047112462681757,0.00204290091930575
"Taphozous_kapalgensis","Taphozous_kapalgensis",0,0,0.047112462681757,0.00204290091930575
"Taphozous_hildegardeae","Taphozous_hildegardeae",0,0,0.047112462681757,0.00204290091930575
"Taphozous_longimanus","Taphozous_longimanus",0,0,0.047112462681757,0.00204290091930575
"Taphozous_mauritianus","Taphozous_mauritianus",0,0,0.047112462681757,0.00204290091930575
"Taphozous_perforatus","Taphozous_perforatus",1,0,0.047112462681757,0.00204290091930575
"Taphozous_melanopogon","Taphozous_melanopogon",0,0,0.047112462681757,0.00204290091930575
"Taphozous_achates","Taphozous_achates",0,0,0.047112462681757,0.00204290091930575
"Mosia_nigrescens","Mosia_nigrescens",0,0,0.047112462681757,0.00204290091930575
"Emballonura_atrata","Emballonura_atrata",0,0,0.047112462681757,0.00204290091930575
"Emballonura_beccarii","Emballonura_beccarii",0,0,0.047112462681757,0.00204290091930575
"Emballonura_dianae","Emballonura_dianae",0,0,0.047112462681757,0.00204290091930575
"Emballonura_furax","Emballonura_furax",0,0,0.047112462681757,0.00204290091930575
"Emballonura_raffrayana","Emballonura_raffrayana",0,0,0.047112462681757,0.00204290091930575
"Emballonura_semicaudata","Emballonura_semicaudata",0,0,0.047112462681757,0.00204290091930575
"Coleura_afra","Coleura_afra",0,0,0.047112462681757,0.00204290091930575
"Coleura_seychellensis","Coleura_seychellensis",0,0,0.047112462681757,0.00204290091930575
"Emballonura_alecto","Emballonura_alecto",0,0,0.047112462681757,0.00204290091930575
"Emballonura_monticola","Emballonura_monticola",0,0,0.047112462681757,0.00204290091930575
"Rhynchonycteris_naso","Rhynchonycteris_naso",0,0,0.047112462681757,0.00204290091930575
"Cyttarops_alecto","Cyttarops_alecto",0,0,0.047112462681757,0.00204290091930575
"Diclidurus_isabellus","Diclidurus_isabellus",0,0,0.047112462681757,0.00204290091930575
"Diclidurus_scutatus","Diclidurus_scutatus",0,0,0.047112462681757,0.00204290091930575
"Diclidurus_albus","Diclidurus_albus",0,0,0.047112462681757,0.00204290091930575
"Diclidurus_ingens","Diclidurus_ingens",0,0,0.047112462681757,0.00204290091930575
"Centronycteris_maximiliani","Centronycteris_maximiliani",0,0,0.047112462681757,0.00204290091930575
"Centronycteris_centralis","Centronycteris_centralis",0,0,0.047112462681757,0.00204290091930575
"Cormura_brevirostris","Cormura_brevirostris",0,0,0.047112462681757,0.00204290091930575
"Saccopteryx_bilineata","Saccopteryx_bilineata",0,0,0.047112462681757,0.00204290091930575
"Saccopteryx_leptura","Saccopteryx_leptura",0,0,0.047112462681757,0.00204290091930575
"Saccopteryx_gymnura","Saccopteryx_gymnura",0,0,0.047112462681757,0.00204290091930575
"Saccopteryx_canescens","Saccopteryx_canescens",0,0,0.047112462681757,0.00204290091930575
"Balantiopteryx_io","Balantiopteryx_io",0,0,0.047112462681757,0.00204290091930575
"Balantiopteryx_infusca","Balantiopteryx_infusca",0,0,0.047112462681757,0.00204290091930575
"Balantiopteryx_plicata","Balantiopteryx_plicata",0,0,0.047112462681757,0.00204290091930575
"Peropteryx_leucoptera","Peropteryx_leucoptera",0,0,0.047112462681757,0.00204290091930575
"Peropteryx_kappleri","Peropteryx_kappleri",0,0,0.047112462681757,0.00204290091930575
"Peropteryx_macrotis","Peropteryx_macrotis",0,0,0.047112462681757,0.00204290091930575
"Peropteryx_trinitatis","Peropteryx_trinitatis",0,0,0.047112462681757,0.00204290091930575
"Craseonycteris_thonglongyai","Craseonycteris_thonglongyai",0,0,0.047112462681757,0.00204290091930575
"Rhinopoma_hardwickii","Rhinopoma_hardwickii",1,0,0.047112462681757,0.00204290091930575
"Rhinopoma_macinnesi","Rhinopoma_macinnesi",0,0,0.047112462681757,0.00204290091930575
"Rhinopoma_microphyllum","Rhinopoma_microphyllum",0,0,0.047112462681757,0.00204290091930575
"Rhinopoma_muscatellum","Rhinopoma_muscatellum",0,0,0.047112462681757,0.00204290091930575
"Cardioderma_cor","Cardioderma_cor",0,0,0.047112462681757,0.00204290091930575
"Lavia_frons","Lavia_frons",0,0,0.047112462681757,0.00204290091930575
"Macroderma_gigas","Macroderma_gigas",0,0,0.047112462681757,0.00204290091930575
"Megaderma_lyra","Megaderma_lyra",0,0,0.047112462681757,0.00204290091930575
"Megaderma_spasma","Megaderma_spasma",0,0,0.047112462681757,0.00204290091930575
"Nycteris_javanica","Nycteris_javanica",0,0,0.047112462681757,0.00204290091930575
"Nycteris_tragata","Nycteris_tragata",0,0,0.047112462681757,0.00204290091930575
"Nycteris_arge","Nycteris_arge",0,0,0.047112462681757,0.00204290091930575
"Nycteris_intermedia","Nycteris_intermedia",0,0,0.047112462681757,0.00204290091930575
"Nycteris_major","Nycteris_major",0,0,0.121827411167512,0.00204290091930575
"Nycteris_nana","Nycteris_nana",0,0,0.047112462681757,0.00204290091930575
"Nycteris_gambiensis","Nycteris_gambiensis",0,0,0.047112462681757,0.00204290091930575
"Nycteris_thebaica","Nycteris_thebaica",0,0,0.121827411167512,0.00204290091930575
"Nycteris_grandis","Nycteris_grandis",0,0,0.121827411167512,0.00204290091930575
"Nycteris_hispida","Nycteris_hispida",0,0,0.047112462681757,0.00204290091930575
"Nycteris_aurita","Nycteris_aurita",0,0,0.047112462681757,0.00204290091930575
"Nycteris_macrotis","Nycteris_macrotis",0,0,0.047112462681757,0.00204290091930575
"Nycteris_vinsoni","Nycteris_vinsoni",0,0,0.047112462681757,0.00204290091930575
"Nycteris_madagascariensis","Nycteris_madagascariensis",0,0,0.047112462681757,0.00204290091930575
"Nycteris_woodi","Nycteris_woodi",0,0,0.121827411167512,0.00204290091930575
"Nycteris_parisii","Nycteris_parisii",0,0,0.121827411167512,0.00204290091930575
"Rhinolophus_monoceros","Rhinolophus_monoceros",1,1,0.121827411167512,0.00204290091930575
"Rhinolophus_pusillus","Rhinolophus_pusillus",1,0,0.121827411167512,0.00204290091930575
"Rhinolophus_osgoodi","Rhinolophus_osgoodi",0,0,0.121827411167512,0.00204290091930575
"Rhinolophus_cornutus","Rhinolophus_cornutus",1,1,0.121827411167512,0.00204290091930575
"Rhinolophus_lepidus","Rhinolophus_lepidus",0,0,0.121827411167512,0.00204290091930575
"Rhinolophus_shortridgei","Rhinolophus_shortridgei",0,0,0.121827411167512,0.00204290091930575
"Rhinolophus_imaizumii","Rhinolophus_imaizumii",0,0,0.121827411167512,0.00204290091930575
"Rhinolophus_cognatus","Rhinolophus_cognatus",0,0,0.121827411167512,0.00204290091930575
"Rhinolophus_subbadius","Rhinolophus_subbadius",0,0,0.121827411167512,0.00204290091930575
"Rhinolophus_acuminatus","Rhinolophus_acuminatus",0,0,0.121827411167512,0.00204290091930575
"Rhinolophus_adami","Rhinolophus_adami",0,0,0.121827411167512,0.00204290091930575
"Rhinolophus_affinis","Rhinolophus_affinis",1,1,0.121827411167512,0.00204290091930575
"Rhinolophus_alcyone","Rhinolophus_alcyone",0,0,0.121827411167512,0.00204290091930575
"Rhinolophus_arcuatus","Rhinolophus_arcuatus",0,0,0.121827411167512,0.00204290091930575
"Rhinolophus_blasii","Rhinolophus_blasii",1,0,0.121827411167512,0.00204290091930575
"Rhinolophus_capensis","Rhinolophus_capensis",0,0,0.121827411167512,0.00204290091930575
"Rhinolophus_celebensis","Rhinolophus_celebensis",0,0,0.121827411167512,0.00204290091930575
"Rhinolophus_madurensis","Rhinolophus_madurensis",0,0,0.121827411167512,0.00204290091930575
"Rhinolophus_clivosus","Rhinolophus_clivosus",1,0,0.121827411167512,0.00204290091930575
"Rhinolophus_bocharicus","Rhinolophus_bocharicus",0,0,0.121827411167512,0.00204290091930575
"Rhinolophus_hillorum","Rhinolophus_hillorum",0,0,0.121827411167512,0.00204290091930575
"Rhinolophus_coelophyllus","Rhinolophus_coelophyllus",0,0,0.121827411167512,0.00204290091930575
"Rhinolophus_darlingi","Rhinolophus_darlingi",0,0,0.121827411167512,0.00204290091930575
"Rhinolophus_deckenii","Rhinolophus_deckenii",0,0,0.121827411167512,0.00204290091930575
"Rhinolophus_denti","Rhinolophus_denti",0,0,0.121827411167512,0.00204290091930575
"Rhinolophus_eloquens","Rhinolophus_eloquens",0,0,0.121827411167512,0.00204290091930575
"Rhinolophus_euryotis","Rhinolophus_euryotis",0,0,0.121827411167512,0.00204290091930575
"Rhinolophus_ferrumequinum","Rhinolophus_ferrumequinum",1,1,0.121827411167512,0.00204290091930575
"Rhinolophus_fumigatus","Rhinolophus_fumigatus",0,0,0.121827411167512,0.00204290091930575
"Rhinolophus_hildebrandtii","Rhinolophus_hildebrandtii",0,0,0.121827411167512,0.00204290091930575
"Rhinolophus_hipposideros","Rhinolophus_hipposideros",1,0,0.121827411167512,0.00204290091930575
"Rhinolophus_inops","Rhinolophus_inops",0,0,0.121827411167512,0.00204290091930575
"Rhinolophus_keyensis","Rhinolophus_keyensis",0,0,0.121827411167512,0.00204290091930575
"Rhinolophus_luctus","Rhinolophus_luctus",0,0,0.121827411167512,0.00204290091930575
"Rhinolophus_beddomei","Rhinolophus_beddomei",0,0,0.121827411167512,0.00204290091930575
"Rhinolophus_formosae","Rhinolophus_formosae",0,0,0.121827411167512,0.00204290091930575
"Rhinolophus_maclaudi","Rhinolophus_maclaudi",0,0,0.121827411167512,0.00204290091930575
"Rhinolophus_hilli","Rhinolophus_hilli",0,0,0.121827411167512,0.00204290091930575
"Rhinolophus_ruwenzorii","Rhinolophus_ruwenzorii",0,0,0.121827411167512,0.00204290091930575
"Rhinolophus_macrotis","Rhinolophus_macrotis",1,1,0.121827411167512,0.00204290091930575
"Rhinolophus_siamensis","Rhinolophus_siamensis",0,0,0.121827411167512,0.00204290091930575
"Rhinolophus_malayanus","Rhinolophus_malayanus",0,0,0.121827411167512,0.00204290091930575
"Rhinolophus_marshalli","Rhinolophus_marshalli",0,0,0.121827411167512,0.00204290091930575
"Rhinolophus_megaphyllus","Rhinolophus_megaphyllus",0,0,0.121827411167512,0.00204290091930575
"Rhinolophus_mitratus","Rhinolophus_mitratus",0,0,0.121827411167512,0.00204290091930575
"Rhinolophus_paradoxolophus","Rhinolophus_paradoxolophus",0,0,0.121827411167512,0.00204290091930575
"Rhinolophus_pearsonii","Rhinolophus_pearsonii",1,1,0.121827411167512,0.00204290091930575
"Rhinolophus_philippinensis","Rhinolophus_philippinensis",0,0,0.121827411167512,0.00204290091930575
"Rhinolophus_montanus","Rhinolophus_montanus",0,0,0.121827411167512,0.00204290091930575
"Rhinolophus_rex","Rhinolophus_rex",1,1,0.121827411167512,0.00204290091930575
"Rhinolophus_robinsoni","Rhinolophus_robinsoni",0,0,0.121827411167512,0.00204290091930575
"Rhinolophus_rouxii","Rhinolophus_rouxii",0,0,0.121827411167512,0.00204290091930575
"Rhinolophus_sinicus","Rhinolophus_sinicus",1,1,0.121827411167512,0.00204290091930575
"Rhinolophus_rufus","Rhinolophus_rufus",0,0,0.121827411167512,0.00204290091930575
"Rhinolophus_sedulus","Rhinolophus_sedulus",0,0,0.121827411167512,0.00204290091930575
"Rhinolophus_shameli","Rhinolophus_shameli",0,0,0.121827411167512,0.00204290091930575
"Rhinolophus_silvestris","Rhinolophus_silvestris",0,0,0.121827411167512,0.00204290091930575
"Rhinolophus_simulator","Rhinolophus_simulator",0,0,0.121827411167512,0.00204290091930575
"Rhinolophus_stheno","Rhinolophus_stheno",0,0,0.047112462681757,0.00204290091930575
"Rhinolophus_subrufus","Rhinolophus_subrufus",0,0,0.047112462681757,0.00204290091930575
"Rhinolophus_swinnyi","Rhinolophus_swinnyi",0,0,0.047112462681757,0.00204290091930575
"Rhinolophus_thomasi","Rhinolophus_thomasi",1,1,0.047112462681757,0.00204290091930575
"Rhinolophus_trifoliatus","Rhinolophus_trifoliatus",0,0,0.047112462681757,0.00204290091930575
"Rhinolophus_virgo","Rhinolophus_virgo",0,0,0.047112462681757,0.00204290091930575
"Rhinolophus_yunanensis","Rhinolophus_yunanensis",0,0,0.047112462681757,0.00204290091930575
"Rhinolophus_nereis","Rhinolophus_nereis",0,0,0.121827411167512,0.00204290091930575
"Rhinolophus_borneensis","Rhinolophus_borneensis",0,0,0.047112462681757,0.00204290091930575
"Rhinolophus_canuti","Rhinolophus_canuti",0,0,0.047112462681757,0.00204290091930575
"Rhinolophus_creaghi","Rhinolophus_creaghi",1,0,0.047112462681757,0.00204290091930575
"Rhinolophus_mehelyi","Rhinolophus_mehelyi",1,0,0.047112462681757,0.00204290091930575
"Rhinolophus_euryale","Rhinolophus_euryale",1,0,0.047112462681757,0.00204290091930575
"Rhinolophus_landeri","Rhinolophus_landeri",0,0,0.047112462681757,0.00204290091930575
"Rhinolophus_guineensis","Rhinolophus_guineensis",0,0,0.047112462681757,0.00204290091930575
"Coelops_frithii","Coelops_frithii",0,0,0.047112462681757,0.00204290091930575
"Coelops_robinsoni","Coelops_robinsoni",0,0,0.047112462681757,0.00204290091930575
"Rhinonicteris_aurantia","Rhinonicteris_aurantia",1,0,0.047112462681757,0.00204290091930575
"Triaenops_furculus","Triaenops_furculus",0,0,0.047112462681757,0.00204290091930575
"Triaenops_auritus","Triaenops_auritus",0,0,0.047112462681757,0.00204290091930575
"Triaenops_persicus","Triaenops_persicus",1,0,0.047112462681757,0.00204290091930575
"Triaenops_rufus","Triaenops_rufus",0,0,0.047112462681757,0.00204290091930575
"Aselliscus_tricuspidatus","Aselliscus_tricuspidatus",0,0,0.047112462681757,0.00204290091930575
"Anthops_ornatus","Anthops_ornatus",0,0,0.047112462681757,0.00204290091930575
"Hipposideros_ater","Hipposideros_ater",0,0,0.047112462681757,0.00204290091930575
"Hipposideros_abae","Hipposideros_abae",0,0,0.047112462681757,0.00204290091930575
"Hipposideros_beatus","Hipposideros_beatus",0,0,0.047112462681757,0.00204290091930575
"Hipposideros_bicolor","Hipposideros_bicolor",0,0,0.047112462681757,0.00204290091930575
"Hipposideros_breviceps","Hipposideros_breviceps",0,0,0.047112462681757,0.00204290091930575
"Hipposideros_caffer","Hipposideros_caffer",1,0,0.047112462681757,0.00204290091930575
"Hipposideros_cineraceus","Hipposideros_cineraceus",0,0,0.047112462681757,0.00204290091930575
"Hipposideros_durgadasi","Hipposideros_durgadasi",0,0,0.047112462681757,0.00204290091930575
"Hipposideros_coxi","Hipposideros_coxi",0,0,0.047112462681757,0.00204290091930575
"Hipposideros_curtus","Hipposideros_curtus",0,0,0.047112462681757,0.00204290091930575
"Hipposideros_dyacorum","Hipposideros_dyacorum",0,0,0.047112462681757,0.00204290091930575
"Hipposideros_fuliginosus","Hipposideros_fuliginosus",0,0,0.047112462681757,0.00204290091930575
"Hipposideros_fulvus","Hipposideros_fulvus",0,0,0.047112462681757,0.00204290091930575
"Hipposideros_galeritus","Hipposideros_galeritus",1,0,0.047112462681757,0.00204290091930575
"Hipposideros_halophyllus","Hipposideros_halophyllus",0,0,0.047112462681757,0.00204290091930575
"Hipposideros_jonesi","Hipposideros_jonesi",0,0,0.047112462681757,0.00204290091930575
"Hipposideros_macrobullatus","Hipposideros_macrobullatus",0,0,0.047112462681757,0.00204290091930575
"Hipposideros_maggietaylorae","Hipposideros_maggietaylorae",0,0,0.047112462681757,0.00204290091930575
"Hipposideros_marisae","Hipposideros_marisae",0,0,0.047112462681757,0.00204290091930575
"Hipposideros_megalotis","Hipposideros_megalotis",0,0,0.047112462681757,0.00204290091930575
"Hipposideros_nequam","Hipposideros_nequam",0,0,0.047112462681757,0.00204290091930575
"Hipposideros_obscurus","Hipposideros_obscurus",0,0,0.047112462681757,0.00204290091930575
"Hipposideros_papua","Hipposideros_papua",0,0,0.047112462681757,0.00204290091930575
"Hipposideros_pomona","Hipposideros_pomona",0,0,0.047112462681757,0.00204290091930575
"Hipposideros_pygmaeus","Hipposideros_pygmaeus",0,0,0.047112462681757,0.00204290091930575
"Hipposideros_ridleyi","Hipposideros_ridleyi",0,0,0.047112462681757,0.00204290091930575
"Hipposideros_speoris","Hipposideros_speoris",0,0,0.047112462681757,0.00204290091930575
"Hipposideros_doriae","Hipposideros_doriae",0,0,0.047112462681757,0.00204290091930575
"Hipposideros_coronatus","Hipposideros_coronatus",0,0,0.047112462681757,0.00204290091930575
"Hipposideros_calcaratus","Hipposideros_calcaratus",0,0,0.047112462681757,0.00204290091930575
"Hipposideros_lamottei","Hipposideros_lamottei",0,0,0.047112462681757,0.00204290091930575
"Hipposideros_ruber","Hipposideros_ruber",1,0,0.047112462681757,0.00204290091930575
"Hipposideros_crumeniferus","Hipposideros_crumeniferus",0,0,0.047112462681757,0.00204290091930575
"Hipposideros_cervinus","Hipposideros_cervinus",0,0,0.047112462681757,0.00204290091930575
"Cloeotis_percivali","Cloeotis_percivali",0,0,0.047112462681757,0.00204290091930575
"Aselliscus_stoliczkanus","Aselliscus_stoliczkanus",1,0,0.047112462681757,0.00204290091930575
"Hipposideros_armiger","Hipposideros_armiger",1,1,0.047112462681757,0.00204290091930575
"Hipposideros_commersoni","Hipposideros_commersoni",1,0,0.047112462681757,0.00204290091930575
"Hipposideros_gigas","Hipposideros_gigas",0,0,0.047112462681757,0.00204290091930575
"Hipposideros_thomensis","Hipposideros_thomensis",0,0,0.047112462681757,0.00204290091930575
"Hipposideros_vittatus","Hipposideros_vittatus",0,0,0.047112462681757,0.00204290091930575
"Hipposideros_diadema","Hipposideros_diadema",0,0,0.047112462681757,0.00204290091930575
"Hipposideros_demissus","Hipposideros_demissus",0,0,0.047112462681757,0.00204290091930575
"Hipposideros_inornatus","Hipposideros_inornatus",0,0,0.121827411167512,0.00204290091930575
"Hipposideros_dinops","Hipposideros_dinops",0,0,0.121827411167512,0.00204290091930575
"Hipposideros_pelingensis","Hipposideros_pelingensis",0,0,0.047112462681757,0.00204290091930575
"Hipposideros_inexpectatus","Hipposideros_inexpectatus",0,0,0.047112462681757,0.00204290091930575
"Hipposideros_lankadiva","Hipposideros_lankadiva",0,0,0.047112462681757,0.00204290091930575
"Hipposideros_larvatus","Hipposideros_larvatus",0,0,0.047112462681757,0.00204290091930575
"Hipposideros_grandis","Hipposideros_grandis",0,0,0.047112462681757,0.00204290091930575
"Hipposideros_sumbae","Hipposideros_sumbae",0,0,0.121827411167512,0.00204290091930575
"Hipposideros_lekaguli","Hipposideros_lekaguli",0,0,0.047112462681757,0.00204290091930575
"Hipposideros_turpis","Hipposideros_turpis",0,0,0.047112462681757,0.00204290091930575
"Hipposideros_lylei","Hipposideros_lylei",0,0,0.047112462681757,0.00204290091930575
"Hipposideros_pratti","Hipposideros_pratti",1,0,0.047112462681757,0.00204290091930575
"Asellia_patrizii","Asellia_patrizii",0,0,0.047112462681757,0.00204290091930575
"Asellia_tridens","Asellia_tridens",0,0,0.047112462681757,0.00204290091930575
"Hipposideros_camerunensis","Hipposideros_camerunensis",0,0,0.047112462681757,0.00204290091930575
"Hipposideros_cyclops","Hipposideros_cyclops",0,0,0.047112462681757,0.00204290091930575
"Hipposideros_corynophyllus","Hipposideros_corynophyllus",0,0,0.047112462681757,0.00204290091930575
"Hipposideros_stenotis","Hipposideros_stenotis",0,0,0.047112462681757,0.00204290091930575
"Hipposideros_wollastoni","Hipposideros_wollastoni",0,0,0.047112462681757,0.00204290091930575
"Hipposideros_muscinus","Hipposideros_muscinus",0,0,0.047112462681757,0.00204290091930575
"Hipposideros_semoni","Hipposideros_semoni",0,0,0.047112462681757,0.00204290091930575
"Myzopoda_aurita","Myzopoda_aurita",0,0,0.047112462681757,0.00204290091930575
"Thyroptera_discifera","Thyroptera_discifera",0,0,0.047112462681757,0.00204290091930575
"Thyroptera_tricolor","Thyroptera_tricolor",0,0,0.047112462681757,0.00204290091930575
"Amorphochilus_schnablii","Amorphochilus_schnablii",0,0,0.121827411167512,0.00204290091930575
"Furipterus_horrens","Furipterus_horrens",0,0,0.121827411167512,0.00204290091930575
"Nyctiellus_lepidus","Nyctiellus_lepidus",0,0,0.121827411167512,0.00204290091930575
"Natalus_stramineus","Natalus_stramineus",0,0,0.047112462681757,0.00204290091930575
"Natalus_jamaicensis","Natalus_jamaicensis",0,0,0.047112462681757,0.00204290091930575
"Natalus_major","Natalus_major",0,0,0.047112462681757,0.00204290091930575
"Natalus_primus","Natalus_primus",0,0,0.121827411167512,0.00204290091930575
"Natalus_tumidirostris","Natalus_tumidirostris",0,0,0.121827411167512,0.00204290091930575
"Chilonatalus_micropus","Chilonatalus_micropus",0,0,0.121827411167512,0.00204290091930575
"Chilonatalus_tumidifrons","Chilonatalus_tumidifrons",0,0,0.121827411167512,0.00204290091930575
"Mystacina_tuberculata","Mystacina_tuberculata",0,0,0.121827411167512,0.00204290091930575
"Noctilio_albiventris","Noctilio_albiventris",0,0,0.121827411167512,0.00204290091930575
"Noctilio_leporinus","Noctilio_leporinus",0,0,0.121827411167512,0.00204290091930575
"Mormoops_blainvillei","Mormoops_blainvillei",0,0,0.121827411167512,0.00204290091930575
"Mormoops_megalophylla","Mormoops_megalophylla",0,0,0.121827411167512,0.00204290091930575
"Pteronotus_parnellii","Pteronotus_parnellii",1,0,0.047112462681757,0.00204290091930575
"Pteronotus_davyi","Pteronotus_davyi",1,0,0.047112462681757,0.00204290091930575
"Pteronotus_gymnonotus","Pteronotus_gymnonotus",0,0,0.047112462681757,0.00204290091930575
"Pteronotus_personatus","Pteronotus_personatus",0,0,0.047112462681757,0.00204290091930575
"Pteronotus_quadridens","Pteronotus_quadridens",0,0,0.047112462681757,0.00204290091930575
"Pteronotus_macleayii","Pteronotus_macleayii",0,0,0.047112462681757,0.00204290091930575
"Diphylla_ecaudata","Diphylla_ecaudata",0,0,0.047112462681757,0.00204290091930575
"Desmodus_rotundus","Desmodus_rotundus",0,0,0.121827411167512,0.00204290091930575
"Diaemus_youngi","Diaemus_youngi",0,0,0.121827411167512,0.00204290091930575
"Macrophyllum_macrophyllum","Macrophyllum_macrophyllum",0,0,0.047112462681757,0.00204290091930575
"Lonchorhina_aurita","Lonchorhina_aurita",0,0,0.047112462681757,0.00204290091930575
"Lonchorhina_fernandezi","Lonchorhina_fernandezi",0,0,0.047112462681757,0.00204290091930575
"Lonchorhina_marinkellei","Lonchorhina_marinkellei",0,0,0.047112462681757,0.00204290091930575
"Lonchorhina_orinocensis","Lonchorhina_orinocensis",0,0,0.047112462681757,0.00204290091930575
"Macrotus_californicus","Macrotus_californicus",0,0,0.047112462681757,0.00204290091930575
"Macrotus_waterhousii","Macrotus_waterhousii",0,0,0.047112462681757,0.00204290091930575
"Lampronycteris_brachyotis","Lampronycteris_brachyotis",0,0,0.047112462681757,0.00204290091930575
"Micronycteris_megalotis","Micronycteris_megalotis",0,0,0.047112462681757,0.00204290091930575
"Micronycteris_homezi","Micronycteris_homezi",0,0,0.047112462681757,0.00204290091930575
"Micronycteris_microtis","Micronycteris_microtis",0,0,0.047112462681757,0.00204290091930575
"Micronycteris_hirsuta","Micronycteris_hirsuta",0,0,0.047112462681757,0.00204290091930575
"Micronycteris_minuta","Micronycteris_minuta",0,0,0.047112462681757,0.00204290091930575
"Micronycteris_schmidtorum","Micronycteris_schmidtorum",0,0,0.047112462681757,0.00204290091930575
"Trinycteris_nicefori","Trinycteris_nicefori",0,0,0.047112462681757,0.00204290091930575
"Neonycteris_pusilla","Neonycteris_pusilla",0,0,0.047112462681757,0.00204290091930575
"Glyphonycteris_daviesi","Glyphonycteris_daviesi",0,0,0.047112462681757,0.00204290091930575
"Glyphonycteris_behnii","Glyphonycteris_behnii",0,0,0.047112462681757,0.00204290091930575
"Glyphonycteris_sylvestris","Glyphonycteris_sylvestris",0,0,0.047112462681757,0.00204290091930575
"Trachops_cirrhosus","Trachops_cirrhosus",0,0,0.047112462681757,0.00204290091930575
"Chrotopterus_auritus","Chrotopterus_auritus",0,0,0.047112462681757,0.00204290091930575
"Vampyrum_spectrum","Vampyrum_spectrum",0,0,0.047112462681757,0.00204290091930575
"Tonatia_bidens","Tonatia_bidens",0,0,0.047112462681757,0.00204290091930575
"Tonatia_saurophila","Tonatia_saurophila",0,0,0.047112462681757,0.00204290091930575
"Lophostoma_brasiliense","Lophostoma_brasiliense",0,0,0.047112462681757,0.00204290091930575
"Lophostoma_carrikeri","Lophostoma_carrikeri",0,0,0.047112462681757,0.00204290091930575
"Lophostoma_evotis","Lophostoma_evotis",0,0,0.047112462681757,0.00204290091930575
"Lophostoma_schulzi","Lophostoma_schulzi",0,0,0.047112462681757,0.00204290091930575
"Lophostoma_silvicolum","Lophostoma_silvicolum",0,0,0.047112462681757,0.00204290091930575
"Mimon_bennettii","Mimon_bennettii",0,0,0.047112462681757,0.00204290091930575
"Mimon_cozumelae","Mimon_cozumelae",0,0,0.047112462681757,0.00204290091930575
"Mimon_crenulatum","Mimon_crenulatum",0,0,0.047112462681757,0.00204290091930575
"Mimon_koepckeae","Mimon_koepckeae",0,0,0.047112462681757,0.00204290091930575
"Phylloderma_stenops","Phylloderma_stenops",0,0,0.047112462681757,0.00204290091930575
"Phyllostomus_latifolius","Phyllostomus_latifolius",0,0,0.047112462681757,0.00204290091930575
"Phyllostomus_discolor","Phyllostomus_discolor",0,0,0.047112462681757,0.00204290091930575
"Phyllostomus_elongatus","Phyllostomus_elongatus",0,0,0.047112462681757,0.00204290091930575
"Phyllostomus_hastatus","Phyllostomus_hastatus",0,0,0.047112462681757,0.00204290091930575
"Brachyphylla_cavernarum","Brachyphylla_cavernarum",0,0,0.047112462681757,0.00204290091930575
"Brachyphylla_nana","Brachyphylla_nana",0,0,0.047112462681757,0.00204290091930575
"Erophylla_sezekorni","Erophylla_sezekorni",0,0,0.047112462681757,0.00204290091930575
"Erophylla_bombifrons","Erophylla_bombifrons",0,0,0.047112462681757,0.00204290091930575
"Phyllonycteris_aphylla","Phyllonycteris_aphylla",0,0,0.047112462681757,0.00204290091930575
"Phyllonycteris_poeyi","Phyllonycteris_poeyi",0,0,0.047112462681757,0.00204290091930575
"Platalina_genovensium","Platalina_genovensium",0,0,0.047112462681757,0.00204290091930575
"Lionycteris_spurrelli","Lionycteris_spurrelli",0,0,0.047112462681757,0.00204290091930575
"Lonchophylla_bokermanni","Lonchophylla_bokermanni",0,0,0.047112462681757,0.00204290091930575
"Lonchophylla_dekeyseri","Lonchophylla_dekeyseri",0,0,0.047112462681757,0.00204290091930575
"Lonchophylla_handleyi","Lonchophylla_handleyi",0,0,0.047112462681757,0.00204290091930575
"Lonchophylla_hesperia","Lonchophylla_hesperia",0,0,0.047112462681757,0.00204290091930575
"Lonchophylla_mordax","Lonchophylla_mordax",0,0,0.047112462681757,0.00204290091930575
"Lonchophylla_robusta","Lonchophylla_robusta",0,0,0.047112462681757,0.00204290091930575
"Lonchophylla_thomasi","Lonchophylla_thomasi",0,0,0.047112462681757,0.00204290091930575
"Leptonycteris_curasoae","Leptonycteris_curasoae",0,0,0.047112462681757,0.00204290091930575
"Leptonycteris_yerbabuenae","Leptonycteris_yerbabuenae",0,0,0.047112462681757,0.00204290091930575
"Leptonycteris_nivalis","Leptonycteris_nivalis",0,0,0.047112462681757,0.00204290091930575
"Monophyllus_plethodon","Monophyllus_plethodon",0,0,0.047112462681757,0.00204290091930575
"Monophyllus_redmani","Monophyllus_redmani",0,0,0.047112462681757,0.00204290091930575
"Glossophaga_commissarisi","Glossophaga_commissarisi",0,0,0.047112462681757,0.00204290091930575
"Glossophaga_soricina","Glossophaga_soricina",0,0,0.047112462681757,0.00204290091930575
"Glossophaga_leachii","Glossophaga_leachii",0,0,0.047112462681757,0.00204290091930575
"Glossophaga_longirostris","Glossophaga_longirostris",0,0,0.047112462681757,0.00204290091930575
"Glossophaga_morenoi","Glossophaga_morenoi",0,0,0.047112462681757,0.00204290091930575
"Anoura_caudifer","Anoura_caudifer",0,0,0.047112462681757,0.00204290091930575
"Anoura_cultrata","Anoura_cultrata",0,0,0.121827411167512,0.00204290091930575
"Anoura_geoffroyi","Anoura_geoffroyi",0,0,0.047112462681757,0.00204290091930575
"Anoura_latidens","Anoura_latidens",0,0,0.047112462681757,0.00204290091930575
"Scleronycteris_ega","Scleronycteris_ega",0,0,0.047112462681757,0.00204290091930575
"Hylonycteris_underwoodi","Hylonycteris_underwoodi",0,0,0.047112462681757,0.00204290091930575
"Lichonycteris_obscura","Lichonycteris_obscura",0,0,0.047112462681757,0.00204290091930575
"Choeronycteris_mexicana","Choeronycteris_mexicana",0,0,0.047112462681757,0.00204290091930575
"Musonycteris_harrisoni","Musonycteris_harrisoni",0,0,0.047112462681757,0.00204290091930575
"Choeroniscus_godmani","Choeroniscus_godmani",0,0,0.047112462681757,0.00204290091930575
"Choeroniscus_minor","Choeroniscus_minor",0,0,0.047112462681757,0.00204290091930575
"Choeroniscus_periosus","Choeroniscus_periosus",0,0,0.047112462681757,0.00204290091930575
"Rhinophylla_alethina","Rhinophylla_alethina",0,0,0.047112462681757,0.00204290091930575
"Rhinophylla_fischerae","Rhinophylla_fischerae",0,0,0.047112462681757,0.00204290091930575
"Rhinophylla_pumilio","Rhinophylla_pumilio",0,0,0.047112462681757,0.00204290091930575
"Carollia_castanea","Carollia_castanea",0,0,0.047112462681757,0.00204290091930575
"Carollia_brevicauda","Carollia_brevicauda",0,0,0.047112462681757,0.00204290091930575
"Carollia_perspicillata","Carollia_perspicillata",1,0,0.047112462681757,0.00204290091930575
"Carollia_subrufa","Carollia_subrufa",0,0,0.047112462681757,0.00204290091930575
"Sturnira_bidens","Sturnira_bidens",0,0,0.121827411167512,0.00204290091930575
"Sturnira_nana","Sturnira_nana",0,0,0.121827411167512,0.00204290091930575
"Sturnira_aratathomasi","Sturnira_aratathomasi",0,0,0.121827411167512,0.00204290091930575
"Sturnira_lilium","Sturnira_lilium",0,0,0.047112462681757,0.00204290091930575
"Sturnira_ludovici","Sturnira_ludovici",0,0,0.047112462681757,0.00204290091930575
"Sturnira_luisi","Sturnira_luisi",0,0,0.047112462681757,0.00204290091930575
"Sturnira_magna","Sturnira_magna",0,0,0.047112462681757,0.00204290091930575
"Sturnira_mordax","Sturnira_mordax",0,0,0.047112462681757,0.00204290091930575
"Sturnira_thomasi","Sturnira_thomasi",0,0,0.047112462681757,0.00204290091930575
"Sturnira_tildae","Sturnira_tildae",0,0,0.047112462681757,0.00204290091930575
"Sturnira_bogotensis","Sturnira_bogotensis",0,0,0.047112462681757,0.00204290091930575
"Sturnira_oporaphilum","Sturnira_oporaphilum",0,0,0.047112462681757,0.00204290091930575
"Sturnira_erythromos","Sturnira_erythromos",0,0,0.047112462681757,0.00204290091930575
"Pygoderma_bilabiatum","Pygoderma_bilabiatum",0,0,0.047112462681757,0.00204290091930575
"Centurio_senex","Centurio_senex",0,0,0.047112462681757,0.00204290091930575
"Ametrida_centurio","Ametrida_centurio",0,0,0.047112462681757,0.00204290091930575
"Sphaeronycteris_toxophyllum","Sphaeronycteris_toxophyllum",0,0,0.047112462681757,0.00204290091930575
"Phyllops_falcatus","Phyllops_falcatus",0,0,0.047112462681757,0.00204290091930575
"Stenoderma_rufum","Stenoderma_rufum",0,0,0.047112462681757,0.00204290091930575
"Ardops_nichollsi","Ardops_nichollsi",0,0,0.047112462681757,0.00204290091930575
"Ariteus_flavescens","Ariteus_flavescens",0,0,0.047112462681757,0.00204290091930575
"Enchisthenes_hartii","Enchisthenes_hartii",0,0,0.047112462681757,0.00204290091930575
"Artibeus_aztecus","Artibeus_aztecus",0,0,0.047112462681757,0.00204290091930575
"Artibeus_phaeotis","Artibeus_phaeotis",1,0,0.047112462681757,0.00204290091930575
"Artibeus_toltecus","Artibeus_toltecus",0,0,0.047112462681757,0.00204290091930575
"Artibeus_cinereus","Artibeus_cinereus",0,0,0.047112462681757,0.00204290091930575
"Artibeus_anderseni","Artibeus_anderseni",0,0,0.047112462681757,0.00204290091930575
"Artibeus_glaucus","Artibeus_glaucus",0,0,0.047112462681757,0.00204290091930575
"Artibeus_gnomus","Artibeus_gnomus",0,0,0.047112462681757,0.00204290091930575
"Artibeus_watsoni","Artibeus_watsoni",0,0,0.047112462681757,0.00204290091930575
"Artibeus_concolor","Artibeus_concolor",0,0,0.047112462681757,0.00204290091930575
"Artibeus_fimbriatus","Artibeus_fimbriatus",0,0,0.047112462681757,0.00204290091930575
"Artibeus_amplus","Artibeus_amplus",0,0,0.047112462681757,0.00204290091930575
"Artibeus_jamaicensis","Artibeus_jamaicensis",0,0,0.047112462681757,0.00204290091930575
"Artibeus_lituratus","Artibeus_lituratus",1,0,0.047112462681757,0.00204290091930575
"Artibeus_obscurus","Artibeus_obscurus",1,0,0.047112462681757,0.00204290091930575
"Artibeus_fraterculus","Artibeus_fraterculus",0,0,0.047112462681757,0.00204290091930575
"Artibeus_hirsutus","Artibeus_hirsutus",0,0,0.047112462681757,0.00204290091930575
"Artibeus_inopinatus","Artibeus_inopinatus",0,0,0.047112462681757,0.00204290091930575
"Ectophylla_alba","Ectophylla_alba",0,0,0.047112462681757,0.00204290091930575
"Chiroderma_salvini","Chiroderma_salvini",0,0,0.047112462681757,0.00204290091930575
"Chiroderma_improvisum","Chiroderma_improvisum",0,0,0.047112462681757,0.00204290091930575
"Chiroderma_villosum","Chiroderma_villosum",0,0,0.047112462681757,0.00204290091930575
"Chiroderma_doriae","Chiroderma_doriae",0,0,0.047112462681757,0.00204290091930575
"Chiroderma_trinitatum","Chiroderma_trinitatum",0,0,0.047112462681757,0.00204290091930575
"Mesophylla_macconnelli","Mesophylla_macconnelli",0,0,0.047112462681757,0.00204290091930575
"Vampyressa_melissa","Vampyressa_melissa",0,0,0.047112462681757,0.00204290091930575
"Vampyressa_pusilla","Vampyressa_pusilla",0,0,0.047112462681757,0.00204290091930575
"Vampyressa_thyone","Vampyressa_thyone",0,0,0.047112462681757,0.00204290091930575
"Vampyressa_bidens","Vampyressa_bidens",0,0,0.047112462681757,0.00204290091930575
"Vampyressa_brocki","Vampyressa_brocki",0,0,0.047112462681757,0.00204290091930575
"Vampyressa_nymphaea","Vampyressa_nymphaea",0,0,0.047112462681757,0.00204290091930575
"Uroderma_bilobatum","Uroderma_bilobatum",0,0,0.047112462681757,0.00204290091930575
"Uroderma_magnirostrum","Uroderma_magnirostrum",0,0,0.047112462681757,0.00204290091930575
"Vampyrodes_caraccioli","Vampyrodes_caraccioli",0,0,0.047112462681757,0.00204290091930575
"Platyrrhinus_aurarius","Platyrrhinus_aurarius",0,0,0.047112462681757,0.00204290091930575
"Platyrrhinus_brachycephalus","Platyrrhinus_brachycephalus",0,0,0.047112462681757,0.00204290091930575
"Platyrrhinus_chocoensis","Platyrrhinus_chocoensis",0,0,0.047112462681757,0.00204290091930575
"Platyrrhinus_dorsalis","Platyrrhinus_dorsalis",0,0,0.047112462681757,0.00204290091930575
"Platyrrhinus_helleri","Platyrrhinus_helleri",0,0,0.047112462681757,0.00204290091930575
"Platyrrhinus_infuscus","Platyrrhinus_infuscus",0,0,0.047112462681757,0.00204290091930575
"Platyrrhinus_lineatus","Platyrrhinus_lineatus",0,0,0.047112462681757,0.00204290091930575
"Platyrrhinus_recifinus","Platyrrhinus_recifinus",0,0,0.047112462681757,0.00204290091930575
"Platyrrhinus_umbratus","Platyrrhinus_umbratus",0,0,0.047112462681757,0.00204290091930575
"Platyrrhinus_vittatus","Platyrrhinus_vittatus",0,0,0.047112462681757,0.00204290091930575
"Tomopeas_ravus","Tomopeas_ravus",0,0,0.047112462681757,0.00204290091930575
"Cheiromeles_torquatus","Cheiromeles_torquatus",0,0,0.047112462681757,0.00204290091930575
"Cheiromeles_parvidens","Cheiromeles_parvidens",0,0,0.047112462681757,0.00204290091930575
"Myopterus_daubentonii","Myopterus_daubentonii",0,0,0.047112462681757,0.00204290091930575
"Myopterus_whitleyi","Myopterus_whitleyi",0,0,0.047112462681757,0.00204290091930575
"Molossops_aequatorianus","Molossops_aequatorianus",0,0,0.047112462681757,0.00204290091930575
"Molossops_mattogrossensis","Molossops_mattogrossensis",0,0,0.047112462681757,0.00204290091930575
"Molossops_neglectus","Molossops_neglectus",0,0,0.047112462681757,0.00204290091930575
"Molossops_temminckii","Molossops_temminckii",0,0,0.047112462681757,0.00204290091930575
"Cynomops_abrasus","Cynomops_abrasus",0,0,0.047112462681757,0.00204290091930575
"Cynomops_greenhalli","Cynomops_greenhalli",0,0,0.047112462681757,0.00204290091930575
"Cynomops_mexicanus","Cynomops_mexicanus",0,0,0.047112462681757,0.00204290091930575
"Cynomops_paranus","Cynomops_paranus",0,0,0.047112462681757,0.00204290091930575
"Cynomops_planirostris","Cynomops_planirostris",0,0,0.047112462681757,0.00204290091930575
"Platymops_setiger","Platymops_setiger",0,0,0.047112462681757,0.00204290091930575
"Mormopterus_beccarii","Mormopterus_beccarii",0,0,0.047112462681757,0.00204290091930575
"Mormopterus_norfolkensis","Mormopterus_norfolkensis",0,0,0.047112462681757,0.00204290091930575
"Mormopterus_planiceps","Mormopterus_planiceps",0,0,0.047112462681757,0.00204290091930575
"Mormopterus_loriae","Mormopterus_loriae",0,0,0.047112462681757,0.00204290091930575
"Sauromys_petrophilus","Sauromys_petrophilus",0,0,0.047112462681757,0.00204290091930575
"Mormopterus_kalinowskii","Mormopterus_kalinowskii",0,0,0.047112462681757,0.00204290091930575
"Mormopterus_minutus","Mormopterus_minutus",0,0,0.047112462681757,0.00204290091930575
"Mormopterus_phrudus","Mormopterus_phrudus",0,0,0.047112462681757,0.00204290091930575
"Mormopterus_doriae","Mormopterus_doriae",0,0,0.047112462681757,0.00204290091930575
"Mormopterus_jugularis","Mormopterus_jugularis",0,0,0.047112462681757,0.00204290091930575
"Mormopterus_acetabulosus","Mormopterus_acetabulosus",0,0,0.047112462681757,0.00204290091930575
"Tadarida_brasiliensis","Tadarida_brasiliensis",0,0,0.047112462681757,0.00204290091930575
"Tadarida_australis","Tadarida_australis",0,0,0.047112462681757,0.00204290091930575
"Tadarida_kuboriensis","Tadarida_kuboriensis",0,0,0.047112462681757,0.00204290091930575
"Tadarida_aegyptiaca","Tadarida_aegyptiaca",0,0,0.047112462681757,0.00204290091930575
"Tadarida_fulminans","Tadarida_fulminans",0,0,0.047112462681757,0.00204290091930575
"Tadarida_lobata","Tadarida_lobata",0,0,0.047112462681757,0.00204290091930575
"Tadarida_teniotis","Tadarida_teniotis",0,0,0.047112462681757,0.00204290091930575
"Tadarida_insignis","Tadarida_insignis",0,0,0.047112462681757,0.00204290091930575
"Tadarida_latouchei","Tadarida_latouchei",0,0,0.047112462681757,0.00204290091930575
"Tadarida_ventralis","Tadarida_ventralis",0,0,0.047112462681757,0.00204290091930575
"Nyctinomops_aurispinosus","Nyctinomops_aurispinosus",0,0,0.047112462681757,0.00204290091930575
"Nyctinomops_femorosaccus","Nyctinomops_femorosaccus",0,0,0.047112462681757,0.00204290091930575
"Nyctinomops_laticaudatus","Nyctinomops_laticaudatus",1,0,0.047112462681757,0.00204290091930575
"Nyctinomops_macrotis","Nyctinomops_macrotis",0,0,0.047112462681757,0.00204290091930575
"Otomops_formosus","Otomops_formosus",0,0,0.121827411167512,0.00204290091930575
"Otomops_martiensseni","Otomops_martiensseni",0,0,0.047112462681757,0.00204290091930575
"Otomops_madagascariensis","Otomops_madagascariensis",0,0,0.047112462681757,0.00204290091930575
"Otomops_papuensis","Otomops_papuensis",0,0,0.047112462681757,0.00204290091930575
"Otomops_secundus","Otomops_secundus",0,0,0.047112462681757,0.00204290091930575
"Otomops_wroughtoni","Otomops_wroughtoni",0,0,0.047112462681757,0.00204290091930575
"Promops_centralis","Promops_centralis",0,0,0.047112462681757,0.00204290091930575
"Promops_nasutus","Promops_nasutus",0,0,0.121827411167512,0.00204290091930575
"Molossus_sinaloae","Molossus_sinaloae",0,0,0.047112462681757,0.00204290091930575
"Molossus_currentium","Molossus_currentium",0,0,0.047112462681757,0.00204290091930575
"Molossus_molossus","Molossus_molossus",0,0,0.047112462681757,0.00204290091930575
"Molossus_aztecus","Molossus_aztecus",0,0,0.047112462681757,0.00204290091930575
"Molossus_barnesi","Molossus_barnesi",0,0,0.047112462681757,0.00204290091930575
"Molossus_coibensis","Molossus_coibensis",0,0,0.047112462681757,0.00204290091930575
"Molossus_rufus","Molossus_rufus",0,0,0.047112462681757,0.00204290091930575
"Molossus_pretiosus","Molossus_pretiosus",0,0,0.047112462681757,0.00204290091930575
"Eumops_hansae","Eumops_hansae",0,0,0.047112462681757,0.00204290091930575
"Eumops_perotis","Eumops_perotis",0,0,0.047112462681757,0.00204290091930575
"Eumops_trumbulli","Eumops_trumbulli",0,0,0.047112462681757,0.00204290091930575
"Eumops_dabbenei","Eumops_dabbenei",0,0,0.047112462681757,0.00204290091930575
"Eumops_bonariensis","Eumops_bonariensis",0,0,0.047112462681757,0.00204290091930575
"Eumops_patagonicus","Eumops_patagonicus",0,0,0.121827411167512,0.00204290091930575
"Eumops_maurus","Eumops_maurus",0,0,0.121827411167512,0.00204290091930575
"Eumops_glaucinus","Eumops_glaucinus",1,0,0.047112462681757,0.00204290091930575
"Eumops_auripendulus","Eumops_auripendulus",0,0,0.047112462681757,0.00204290091930575
"Eumops_underwoodi","Eumops_underwoodi",0,0,0.047112462681757,0.00204290091930575
"Chaerephon_ansorgei","Chaerephon_ansorgei",0,0,0.047112462681757,0.00204290091930575
"Chaerephon_bemmeleni","Chaerephon_bemmeleni",0,0,0.047112462681757,0.00204290091930575
"Chaerephon_bivittatus","Chaerephon_bivittatus",0,0,0.047112462681757,0.00204290091930575
"Chaerephon_aloysiisabaudiae","Chaerephon_aloysiisabaudiae",0,0,0.047112462681757,0.00204290091930575
"Chaerephon_chapini","Chaerephon_chapini",0,0,0.047112462681757,0.00204290091930575
"Chaerephon_shortridgei","Chaerephon_shortridgei",0,0,0.121827411167512,0.00204290091930575
"Chaerephon_gallagheri","Chaerephon_gallagheri",0,0,0.121827411167512,0.00204290091930575
"Chaerephon_jobensis","Chaerephon_jobensis",0,0,0.121827411167512,0.00204290091930575
"Chaerephon_solomonis","Chaerephon_solomonis",0,0,0.121827411167512,0.00204290091930575
"Chaerephon_bregullae","Chaerephon_bregullae",0,0,0.121827411167512,0.00204290091930575
"Chaerephon_johorensis","Chaerephon_johorensis",0,0,0.121827411167512,0.00204290091930575
"Chaerephon_major","Chaerephon_major",0,0,0.121827411167512,0.00204290091930575
"Chaerephon_nigeriae","Chaerephon_nigeriae",0,0,0.121827411167512,0.00204290091930575
"Chaerephon_plicatus","Chaerephon_plicatus",1,0,0.121827411167512,0.00204290091930575
"Chaerephon_leucogaster","Chaerephon_leucogaster",0,0,0.121827411167512,0.00204290091930575
"Chaerephon_pumilus","Chaerephon_pumilus",0,0,0.121827411167512,0.00204290091930575
"Chaerephon_russatus","Chaerephon_russatus",0,0,0.121827411167512,0.00204290091930575
"Mops_brachypterus","Mops_brachypterus",0,0,0.121827411167512,0.00204290091930575
"Mops_nanulus","Mops_nanulus",0,0,0.121827411167512,0.00204290091930575
"Mops_petersoni","Mops_petersoni",0,0,0.121827411167512,0.00204290091930575
"Mops_spurrelli","Mops_spurrelli",0,0,0.121827411167512,0.00204290091930575
"Mops_thersites","Mops_thersites",0,0,0.047112462681757,0.00204290091930575
"Mops_congicus","Mops_congicus",0,0,0.047112462681757,0.00204290091930575
"Mops_condylurus","Mops_condylurus",1,0,0.047112462681757,0.00204290091930575
"Mops_leucostigma","Mops_leucostigma",0,0,0.047112462681757,0.00204290091930575
"Mops_midas","Mops_midas",0,0,0.047112462681757,0.00204290091930575
"Mops_mops","Mops_mops",0,0,0.121827411167512,0.00204290091930575
"Mops_niangarae","Mops_niangarae",0,0,0.121827411167512,0.00204290091930575
"Mops_sarasinorum","Mops_sarasinorum",0,0,0.121827411167512,0.00204290091930575
"Mops_trevori","Mops_trevori",0,0,0.121827411167512,0.00204290091930575
"Mops_demonstrator","Mops_demonstrator",0,0,0.121827411167512,0.00204290091930575
"Mops_niveiventer","Mops_niveiventer",0,0,0.121827411167512,0.00204290091930575
"Miniopterus_majori","Miniopterus_majori",0,0,0.121827411167512,0.00204290091930575
"Miniopterus_natalensis","Miniopterus_natalensis",0,0,0.121827411167512,0.00204290091930575
"Miniopterus_schreibersii","Miniopterus_schreibersii",1,1,0.121827411167512,0.00204290091930575
"Miniopterus_robustior","Miniopterus_robustior",0,0,0.121827411167512,0.00204290091930575
"Miniopterus_tristis","Miniopterus_tristis",0,0,0.121827411167512,0.00204290091930575
"Miniopterus_inflatus","Miniopterus_inflatus",0,0,0.121827411167512,0.00204290091930575
"Miniopterus_africanus","Miniopterus_africanus",0,0,0.121827411167512,0.00204290091930575
"Miniopterus_magnater","Miniopterus_magnater",0,0,0.047112462681757,0.00204290091930575
"Miniopterus_fraterculus","Miniopterus_fraterculus",0,0,0.047112462681757,0.00204290091930575
"Miniopterus_fuscus","Miniopterus_fuscus",0,0,0.047112462681757,0.00204290091930575
"Miniopterus_medius","Miniopterus_medius",0,0,0.047112462681757,0.00204290091930575
"Miniopterus_australis","Miniopterus_australis",0,0,0.047112462681757,0.00204290091930575
"Miniopterus_paululus","Miniopterus_paululus",0,0,0.047112462681757,0.00204290091930575
"Miniopterus_shortridgei","Miniopterus_shortridgei",0,0,0.047112462681757,0.00204290091930575
"Miniopterus_minor","Miniopterus_minor",0,0,0.047112462681757,0.00204290091930575
"Miniopterus_manavi","Miniopterus_manavi",0,0,0.047112462681757,0.00204290091930575
"Miniopterus_pusillus","Miniopterus_pusillus",0,0,0.047112462681757,0.00204290091930575
"Miniopterus_macrocneme","Miniopterus_macrocneme",0,0,0.047112462681757,0.00204290091930575
"Eudiscopus_denticulus","Eudiscopus_denticulus",0,0,0.047112462681757,0.00204290091930575
"Hesperoptenus_doriae","Hesperoptenus_doriae",0,0,0.047112462681757,0.00204290091930575
"Ia_io","Ia_io",1,0,0.047112462681757,0.00204290091930575
"Lasionycteris_noctivagans","Lasionycteris_noctivagans",0,0,0.047112462681757,0.00204290091930575
"Mimetillus_moloneyi","Mimetillus_moloneyi",0,0,0.047112462681757,0.00204290091930575
"Nycticeius_humeralis","Nycticeius_humeralis",0,0,0.047112462681757,0.00204290091930575
"Nycticeius_cubanus","Nycticeius_cubanus",0,0,0.047112462681757,0.00204290091930575
"Scoteanax_rueppellii","Scoteanax_rueppellii",0,0,0.047112462681757,0.00204290091930575
"Otonycteris_hemprichii","Otonycteris_hemprichii",0,0,0.047112462681757,0.00204290091930575
"Philetor_brachypterus","Philetor_brachypterus",0,0,0.121827411167512,0.00204290091930575
"Scotozous_dormeri","Scotozous_dormeri",0,0,0.121827411167512,0.00204290091930575
"Pipistrellus_subflavus","Pipistrellus_subflavus",0,0,0.121827411167512,0.00204290091930575
"Bauerus_dubiaquercus","Bauerus_dubiaquercus",0,0,0.121827411167512,0.00204290091930575
"Antrozous_pallidus","Antrozous_pallidus",0,0,0.121827411167512,0.00204290091930575
"Glischropus_javanus","Glischropus_javanus",0,0,0.121827411167512,0.00204290091930575
"Glischropus_tylopus","Glischropus_tylopus",0,0,0.121827411167512,0.00204290091930575
"Hypsugo_anchietae","Hypsugo_anchietae",0,0,0.047112462681757,0.00204290091930575
"Hypsugo_eisentrauti","Hypsugo_eisentrauti",0,0,0.047112462681757,0.00204290091930575
"Pipistrellus_hesperus","Pipistrellus_hesperus",0,0,0.047112462681757,0.00204290091930575
"Hypsugo_musciculus","Hypsugo_musciculus",0,0,0.047112462681757,0.00204290091930575
"Tylonycteris_pachypus","Tylonycteris_pachypus",1,0,0.047112462681757,0.00204290091930575
"Tylonycteris_robustula","Tylonycteris_robustula",0,0,0.047112462681757,0.00204290091930575
"Vespertilio_murinus","Vespertilio_murinus",0,0,0.047112462681757,0.00204290091930575
"Vespertilio_sinensis","Vespertilio_sinensis",1,0,0.047112462681757,0.00204290091930575
"Hypsugo_anthonyi","Hypsugo_anthonyi",0,0,0.047112462681757,0.00204290091930575
"Hypsugo_joffrei","Hypsugo_joffrei",0,0,0.047112462681757,0.00204290091930575
"Pipistrellus_stenopterus","Pipistrellus_stenopterus",0,0,0.047112462681757,0.00204290091930575
"Hypsugo_crassulus","Hypsugo_crassulus",0,0,0.047112462681757,0.00204290091930575
"Pipistrellus_nanulus","Pipistrellus_nanulus",0,0,0.047112462681757,0.00204290091930575
"Pipistrellus_rueppellii","Pipistrellus_rueppellii",0,0,0.047112462681757,0.00204290091930575
"Arielulus_circumdatus","Arielulus_circumdatus",0,0,0.047112462681757,0.00204290091930575
"Arielulus_cuprosus","Arielulus_cuprosus",0,0,0.047112462681757,0.00204290091930575
"Arielulus_societatis","Arielulus_societatis",0,0,0.047112462681757,0.00204290091930575
"Scotoecus_pallidus","Scotoecus_pallidus",0,0,0.047112462681757,0.00204290091930575
"Scotoecus_albofuscus","Scotoecus_albofuscus",0,0,0.047112462681757,0.00204290091930575
"Scotoecus_hirundo","Scotoecus_hirundo",0,0,0.047112462681757,0.00204290091930575
"Scotoecus_albigula","Scotoecus_albigula",0,0,0.047112462681757,0.00204290091930575
"Scotoecus_hindei","Scotoecus_hindei",0,0,0.047112462681757,0.00204290091930575
"Hypsugo_imbricatus","Hypsugo_imbricatus",0,0,0.047112462681757,0.00204290091930575
"Hypsugo_arabicus","Hypsugo_arabicus",0,0,0.047112462681757,0.00204290091930575
"Neoromicia_helios","Neoromicia_helios",0,0,0.047112462681757,0.00204290091930575
"Neoromicia_nanus","Neoromicia_nanus",0,0,0.047112462681757,0.00204290091930575
"Hypsugo_pulveratus","Hypsugo_pulveratus",0,0,0.047112462681757,0.00204290091930575
"Hypsugo_kitcheneri","Hypsugo_kitcheneri",0,0,0.047112462681757,0.00204290091930575
"Hypsugo_lophurus","Hypsugo_lophurus",0,0,0.047112462681757,0.00204290091930575
"Hesperoptenus_blanfordi","Hesperoptenus_blanfordi",0,0,0.047112462681757,0.00204290091930575
"Hesperoptenus_gaskelli","Hesperoptenus_gaskelli",0,0,0.047112462681757,0.00204290091930575
"Hesperoptenus_tickelli","Hesperoptenus_tickelli",0,0,0.047112462681757,0.00204290091930575
"Hesperoptenus_tomesi","Hesperoptenus_tomesi",0,0,0.047112462681757,0.00204290091930575
"Histiotus_alienus","Histiotus_alienus",0,0,0.047112462681757,0.00204290091930575
"Histiotus_macrotus","Histiotus_macrotus",0,0,0.047112462681757,0.00204290091930575
"Histiotus_laephotis","Histiotus_laephotis",0,0,0.047112462681757,0.00204290091930575
"Histiotus_montanus","Histiotus_montanus",0,0,0.047112462681757,0.00204290091930575
"Histiotus_magellanicus","Histiotus_magellanicus",0,0,0.047112462681757,0.00204290091930575
"Histiotus_velatus","Histiotus_velatus",0,0,0.047112462681757,0.00204290091930575
"Laephotis_angolensis","Laephotis_angolensis",0,0,0.047112462681757,0.00204290091930575
"Laephotis_botswanae","Laephotis_botswanae",0,0,0.047112462681757,0.00204290091930575
"Laephotis_namibensis","Laephotis_namibensis",0,0,0.047112462681757,0.00204290091930575
"Laephotis_wintoni","Laephotis_wintoni",0,0,0.047112462681757,0.00204290091930575
"Falsistrellus_mackenziei","Falsistrellus_mackenziei",0,0,0.047112462681757,0.00204290091930575
"Falsistrellus_tasmaniensis","Falsistrellus_tasmaniensis",0,0,0.047112462681757,0.00204290091930575
"Falsistrellus_affinis","Falsistrellus_affinis",0,0,0.047112462681757,0.00204290091930575
"Falsistrellus_mordax","Falsistrellus_mordax",0,0,0.047112462681757,0.00204290091930575
"Falsistrellus_petersi","Falsistrellus_petersi",0,0,0.047112462681757,0.00204290091930575
"Nycticeinops_schlieffeni","Nycticeinops_schlieffeni",0,0,0.047112462681757,0.00204290091930575
"Scotorepens_balstoni","Scotorepens_balstoni",0,0,0.047112462681757,0.00204290091930575
"Scotorepens_orion","Scotorepens_orion",0,0,0.047112462681757,0.00204290091930575
"Scotorepens_greyii","Scotorepens_greyii",0,0,0.047112462681757,0.00204290091930575
"Scotorepens_sanborni","Scotorepens_sanborni",0,0,0.047112462681757,0.00204290091930575
"Hypsugo_cadornae","Hypsugo_cadornae",0,0,0.047112462681757,0.00204290091930575
"Hypsugo_macrotis","Hypsugo_macrotis",0,0,0.047112462681757,0.00204290091930575
"Hypsugo_vordermanni","Hypsugo_vordermanni",0,0,0.047112462681757,0.00204290091930575
"Hypsugo_ariel","Hypsugo_ariel",0,0,0.047112462681757,0.00204290091930575
"Hypsugo_bodenheimeri","Hypsugo_bodenheimeri",0,0,0.047112462681757,0.00204290091930575
"Hypsugo_alaschanicus","Hypsugo_alaschanicus",0,0,0.047112462681757,0.00204290091930575
"Hypsugo_savii","Hypsugo_savii",1,0,0.047112462681757,0.00204290091930575
"Vespadelus_baverstocki","Vespadelus_baverstocki",0,0,0.047112462681757,0.00204290091930575
"Vespadelus_douglasorum","Vespadelus_douglasorum",0,0,0.121827411167512,0.00204290091930575
"Vespadelus_caurinus","Vespadelus_caurinus",0,0,0.047112462681757,0.00204290091930575
"Vespadelus_finlaysoni","Vespadelus_finlaysoni",0,0,0.047112462681757,0.00204290091930575
"Vespadelus_pumilus","Vespadelus_pumilus",0,0,0.121827411167512,0.00204290091930575
"Vespadelus_troughtoni","Vespadelus_troughtoni",0,0,0.121827411167512,0.00204290091930575
"Vespadelus_darlingtoni","Vespadelus_darlingtoni",0,0,0.121827411167512,0.00204290091930575
"Vespadelus_regulus","Vespadelus_regulus",0,0,0.121827411167512,0.00204290091930575
"Vespadelus_vulturnus","Vespadelus_vulturnus",0,0,0.121827411167512,0.00204290091930575
"Nyctalus_azoreum","Nyctalus_azoreum",0,0,0.121827411167512,0.00204290091930575
"Nyctalus_aviator","Nyctalus_aviator",0,0,0.047112462681757,0.00204290091930575
"Nyctalus_lasiopterus","Nyctalus_lasiopterus",0,0,0.047112462681757,0.00204290091930575
"Nyctalus_leisleri","Nyctalus_leisleri",0,0,0.047112462681757,0.00204290091930575
"Nyctalus_montanus","Nyctalus_montanus",0,0,0.047112462681757,0.00204290091930575
"Nyctalus_noctula","Nyctalus_noctula",1,0,0.047112462681757,0.00204290091930575
"Nyctalus_plancyi","Nyctalus_plancyi",0,0,0.047112462681757,0.00204290091930575
"Nyctalus_furvus","Nyctalus_furvus",0,0,0.121827411167512,0.00204290091930575
"Chalinolobus_tuberculatus","Chalinolobus_tuberculatus",0,0,0.121827411167512,0.00204290091930575
"Chalinolobus_dwyeri","Chalinolobus_dwyeri",0,0,0.121827411167512,0.00204290091930575
"Chalinolobus_gouldii","Chalinolobus_gouldii",0,0,0.121827411167512,0.00204290091930575
"Chalinolobus_neocaledonicus","Chalinolobus_neocaledonicus",0,0,0.121827411167512,0.00204290091930575
"Chalinolobus_morio","Chalinolobus_morio",0,0,0.121827411167512,0.00204290091930575
"Chalinolobus_nigrogriseus","Chalinolobus_nigrogriseus",0,0,0.121827411167512,0.00204290091930575
"Chalinolobus_picatus","Chalinolobus_picatus",0,0,0.121827411167512,0.00204290091930575
"Rhogeessa_alleni","Rhogeessa_alleni",0,0,0.121827411167512,0.00204290091930575
"Rhogeessa_mira","Rhogeessa_mira",0,0,0.121827411167512,0.00204290091930575
"Rhogeessa_gracilis","Rhogeessa_gracilis",0,0,0.121827411167512,0.00204290091930575
"Rhogeessa_genowaysi","Rhogeessa_genowaysi",0,0,0.121827411167512,0.00204290091930575
"Rhogeessa_minutilla","Rhogeessa_minutilla",0,0,0.121827411167512,0.00204290091930575
"Rhogeessa_parvula","Rhogeessa_parvula",0,0,0.121827411167512,0.00204290091930575
"Rhogeessa_tumida","Rhogeessa_tumida",0,0,0.121827411167512,0.00204290091930575
"Rhogeessa_aeneus","Rhogeessa_aeneus",0,0,0.121827411167512,0.00204290091930575
"Rhogeessa_io","Rhogeessa_io",0,0,0.121827411167512,0.00204290091930575
"Lasiurus_egregius","Lasiurus_egregius",0,0,0.121827411167512,0.00204290091930575
"Lasiurus_ega","Lasiurus_ega",0,0,0.121827411167512,0.00204290091930575
"Lasiurus_xanthinus","Lasiurus_xanthinus",0,0,0.121827411167512,0.00204290091930575
"Lasiurus_intermedius","Lasiurus_intermedius",0,0,0.121827411167512,0.00204290091930575
"Lasiurus_insularis","Lasiurus_insularis",0,0,0.121827411167512,0.00204290091930575
"Lasiurus_cinereus","Lasiurus_cinereus",0,0,0.121827411167512,0.00204290091930575
"Lasiurus_castaneus","Lasiurus_castaneus",0,0,0.121827411167512,0.00204290091930575
"Lasiurus_borealis","Lasiurus_borealis",0,0,0.121827411167512,0.00204290091930575
"Lasiurus_minor","Lasiurus_minor",0,0,0.121827411167512,0.00204290091930575
"Lasiurus_pfeifferi","Lasiurus_pfeifferi",0,0,0.121827411167512,0.00204290091930575
"Lasiurus_salinae","Lasiurus_salinae",0,0,0.121827411167512,0.00204290091930575
"Lasiurus_varius","Lasiurus_varius",0,0,0.121827411167512,0.00204290091930575
"Lasiurus_blossevillii","Lasiurus_blossevillii",0,0,0.121827411167512,0.00204290091930575
"Lasiurus_degelidus","Lasiurus_degelidus",0,0,0.121827411167512,0.00204290091930575
"Lasiurus_seminolus","Lasiurus_seminolus",0,0,0.121827411167512,0.00204290091930575
"Neoromicia_flavescens","Neoromicia_flavescens",0,0,0.121827411167512,0.00204290091930575
"Neoromicia_rendalli","Neoromicia_rendalli",0,0,0.121827411167512,0.00204290091930575
"Neoromicia_tenuipinnis","Neoromicia_tenuipinnis",0,0,0.121827411167512,0.00204290091930575
"Neoromicia_brunneus","Neoromicia_brunneus",0,0,0.121827411167512,0.00204290091930575
"Eptesicus_matroka","Eptesicus_matroka",0,0,0.121827411167512,0.00204290091930575
"Neoromicia_capensis","Neoromicia_capensis",1,0,0.121827411167512,0.00204290091930575
"Neoromicia_guineensis","Neoromicia_guineensis",0,0,0.121827411167512,0.00204290091930575
"Neoromicia_melckorum","Neoromicia_melckorum",0,0,0.121827411167512,0.00204290091930575
"Neoromicia_somalicus","Neoromicia_somalicus",0,0,0.121827411167512,0.00204290091930575
"Neoromicia_zuluensis","Neoromicia_zuluensis",0,0,0.121827411167512,0.00204290091930575
"Glauconycteris_alboguttata","Glauconycteris_alboguttata",0,0,0.121827411167512,0.00204290091930575
"Glauconycteris_argentata","Glauconycteris_argentata",0,0,0.121827411167512,0.00204290091930575
"Glauconycteris_beatrix","Glauconycteris_beatrix",0,0,0.121827411167512,0.00204290091930575
"Glauconycteris_humeralis","Glauconycteris_humeralis",0,0,0.121827411167512,0.00204290091930575
"Glauconycteris_egeria","Glauconycteris_egeria",0,0,0.121827411167512,0.00204290091930575
"Glauconycteris_gleni","Glauconycteris_gleni",0,0,0.121827411167512,0.00204290091930575
"Glauconycteris_kenyacola","Glauconycteris_kenyacola",0,0,0.121827411167512,0.00204290091930575
"Glauconycteris_poensis","Glauconycteris_poensis",0,0,0.121827411167512,0.00204290091930575
"Glauconycteris_superba","Glauconycteris_superba",0,0,0.121827411167512,0.00204290091930575
"Glauconycteris_machadoi","Glauconycteris_machadoi",0,0,0.121827411167512,0.00204290091930575
"Glauconycteris_variegata","Glauconycteris_variegata",0,0,0.121827411167512,0.00204290091930575
"Pharotis_imogene","Pharotis_imogene",0,0,0.121827411167512,0.00204290091930575
"Nyctophilus_arnhemensis","Nyctophilus_arnhemensis",0,0,0.121827411167512,0.00204290091930575
"Nyctophilus_geoffroyi","Nyctophilus_geoffroyi",0,0,0.121827411167512,0.00204290091930575
"Nyctophilus_gouldi","Nyctophilus_gouldi",0,0,0.121827411167512,0.00204290091930575
"Nyctophilus_bifax","Nyctophilus_bifax",0,0,0.121827411167512,0.00204290091930575
"Nyctophilus_heran","Nyctophilus_heran",0,0,0.121827411167512,0.00204290091930575
"Nyctophilus_microdon","Nyctophilus_microdon",0,0,0.121827411167512,0.00204290091930575
"Nyctophilus_microtis","Nyctophilus_microtis",0,0,0.047112462681757,0.00204290091930575
"Nyctophilus_timoriensis","Nyctophilus_timoriensis",0,0,0.121827411167512,0.123287671232881
"Nyctophilus_walkeri","Nyctophilus_walkeri",0,0,0.121827411167512,0.123287671232881
"Barbastella_barbastellus","Barbastella_barbastellus",0,0,0.121827411167512,0.123287671232881
"Barbastella_leucomelas","Barbastella_leucomelas",0,0,0.121827411167512,0.123287671232881
"Euderma_maculatum","Euderma_maculatum",0,0,0.121827411167512,0.123287671232881
"Idionycteris_phyllotis","Idionycteris_phyllotis",0,0,0.121827411167512,0.123287671232881
"Corynorhinus_rafinesquii","Corynorhinus_rafinesquii",0,0,0.121827411167512,0.123287671232881
"Corynorhinus_mexicanus","Corynorhinus_mexicanus",0,0,0.121827411167512,0.123287671232881
"Corynorhinus_townsendii","Corynorhinus_townsendii",0,0,0.121827411167512,0.123287671232881
"Plecotus_austriacus","Plecotus_austriacus",0,0,0.121827411167512,0.123287671232881
"Plecotus_kolombatovici","Plecotus_kolombatovici",0,0,0.121827411167512,0.123287671232881
"Plecotus_teneriffae","Plecotus_teneriffae",0,0,0.121827411167512,0.123287671232881
"Plecotus_auritus","Plecotus_auritus",0,0,0.121827411167512,0.123287671232881
"Plecotus_taivanus","Plecotus_taivanus",0,0,0.121827411167512,0.123287671232881
"Scotomanes_ornatus","Scotomanes_ornatus",0,0,0.121827411167512,0.123287671232881
"Scotophilus_kuhlii","Scotophilus_kuhlii",0,0,0.121827411167512,0.123287671232881
"Scotophilus_collinus","Scotophilus_collinus",0,0,0.121827411167512,0.123287671232881
"Scotophilus_nigrita","Scotophilus_nigrita",0,0,0.121827411167512,0.123287671232881
"Scotophilus_borbonicus","Scotophilus_borbonicus",0,0,0.121827411167512,0.123287671232881
"Scotophilus_viridis","Scotophilus_viridis",0,0,0.121827411167512,0.123287671232881
"Scotophilus_celebensis","Scotophilus_celebensis",0,0,0.121827411167512,0.123287671232881
"Scotophilus_heathii","Scotophilus_heathii",0,0,0.121827411167512,0.123287671232881
"Scotophilus_leucogaster","Scotophilus_leucogaster",1,0,0.121827411167512,0.123287671232881
"Scotophilus_nucella","Scotophilus_nucella",0,0,0.121827411167512,0.123287671232881
"Scotophilus_dinganii","Scotophilus_dinganii",1,0,0.121827411167512,0.123287671232881
"Scotophilus_nux","Scotophilus_nux",0,0,0.121827411167512,0.123287671232881
"Scotophilus_robustus","Scotophilus_robustus",0,0,0.121827411167512,0.123287671232881
"Pipistrellus_minahassae","Pipistrellus_minahassae",0,0,0.121827411167512,0.123287671232881
"Pipistrellus_ceylonicus","Pipistrellus_ceylonicus",0,0,0.121827411167512,0.123287671232881
"Pipistrellus_deserti","Pipistrellus_deserti",0,0,0.121827411167512,0.123287671232881
"Pipistrellus_aero","Pipistrellus_aero",0,0,0.121827411167512,0.123287671232881
"Pipistrellus_inexspectatus","Pipistrellus_inexspectatus",0,0,0.121827411167512,0.123287671232881
"Pipistrellus_kuhlii","Pipistrellus_kuhlii",1,0,0.121827411167512,0.123287671232881
"Pipistrellus_hesperidus","Pipistrellus_hesperidus",1,0,0.121827411167512,0.123287671232881
"Pipistrellus_maderensis","Pipistrellus_maderensis",0,0,0.121827411167512,0.123287671232881
"Pipistrellus_rusticus","Pipistrellus_rusticus",0,0,0.121827411167512,0.123287671232881
"Pipistrellus_nathusii","Pipistrellus_nathusii",1,0,0.121827411167512,0.123287671232881
"Pipistrellus_permixtus","Pipistrellus_permixtus",0,0,0.121827411167512,0.123287671232881
"Pipistrellus_pipistrellus","Pipistrellus_pipistrellus",1,0,0.121827411167512,0.123287671232881
"Pipistrellus_pygmaeus","Pipistrellus_pygmaeus",1,0,0.121827411167512,0.123287671232881
"Pipistrellus_coromandra","Pipistrellus_coromandra",0,0,0.121827411167512,0.123287671232881
"Pipistrellus_tenuis","Pipistrellus_tenuis",0,0,0.121827411167512,0.123287671232881
"Pipistrellus_adamsi","Pipistrellus_adamsi",0,0,0.121827411167512,0.123287671232881
"Pipistrellus_angulatus","Pipistrellus_angulatus",0,0,0.121827411167512,0.123287671232881
"Pipistrellus_collinus","Pipistrellus_collinus",0,0,0.121827411167512,0.123287671232881
"Pipistrellus_papuanus","Pipistrellus_papuanus",0,0,0.121827411167512,0.123287671232881
"Pipistrellus_wattsi","Pipistrellus_wattsi",0,0,0.121827411167512,0.123287671232881
"Pipistrellus_westralis","Pipistrellus_westralis",0,0,0.121827411167512,0.123287671232881
"Pipistrellus_endoi","Pipistrellus_endoi",0,0,0.121827411167512,0.123287671232881
"Pipistrellus_javanicus","Pipistrellus_javanicus",0,0,0.121827411167512,0.123287671232881
"Pipistrellus_abramus","Pipistrellus_abramus",1,0,0.121827411167512,0.123287671232881
"Pipistrellus_paterculus","Pipistrellus_paterculus",0,0,0.121827411167512,0.123287671232881
"Eptesicus_floweri","Eptesicus_floweri",0,0,0.121827411167512,0.123287671232881
"Eptesicus_nasutus","Eptesicus_nasutus",0,0,0.121827411167512,0.123287671232881
"Eptesicus_bobrinskoi","Eptesicus_bobrinskoi",0,0,0.121827411167512,0.123287671232881
"Eptesicus_gobiensis","Eptesicus_gobiensis",0,0,0.121827411167512,0.123287671232881
"Eptesicus_japonensis","Eptesicus_japonensis",0,0,0.121827411167512,0.123287671232881
"Eptesicus_nilssonii","Eptesicus_nilssonii",1,0,0.121827411167512,0.123287671232881
"Eptesicus_diminutus","Eptesicus_diminutus",0,0,0.121827411167512,0.123287671232881
"Eptesicus_innoxius","Eptesicus_innoxius",0,0,0.121827411167512,0.123287671232881
"Eptesicus_brasiliensis","Eptesicus_brasiliensis",0,0,0.121827411167512,0.123287671232881
"Eptesicus_andinus","Eptesicus_andinus",0,0,0.121827411167512,0.123287671232881
"Eptesicus_chiriquinus","Eptesicus_chiriquinus",0,0,0.121827411167512,0.123287671232881
"Eptesicus_bottae","Eptesicus_bottae",0,0,0.121827411167512,0.123287671232881
"Eptesicus_dimissus","Eptesicus_dimissus",0,0,0.121827411167512,0.123287671232881
"Eptesicus_furinalis","Eptesicus_furinalis",0,0,0.121827411167512,0.123287671232881
"Eptesicus_fuscus","Eptesicus_fuscus",0,0,0.121827411167512,0.123287671232881
"Eptesicus_guadeloupensis","Eptesicus_guadeloupensis",0,0,0.121827411167512,0.123287671232881
"Eptesicus_hottentotus","Eptesicus_hottentotus",0,0,0.121827411167512,0.123287671232881
"Eptesicus_kobayashii","Eptesicus_kobayashii",0,0,0.121827411167512,0.123287671232881
"Eptesicus_pachyotis","Eptesicus_pachyotis",0,0,0.121827411167512,0.123287671232881
"Eptesicus_platyops","Eptesicus_platyops",0,0,0.121827411167512,0.123287671232881
"Eptesicus_serotinus","Eptesicus_serotinus",1,0,0.121827411167512,0.123287671232881
"Eptesicus_tatei","Eptesicus_tatei",0,0,0.121827411167512,0.00204290091930575
"Harpiocephalus_harpia","Harpiocephalus_harpia",0,0,0.047112462681757,0.00204290091930575
"Harpiocephalus_mordax","Harpiocephalus_mordax",0,0,0.047112462681757,0.00204290091930575
"Murina_grisea","Murina_grisea",0,0,0.047112462681757,0.00204290091930575
"Murina_aenea","Murina_aenea",0,0,0.121827411167512,0.00204290091930575
"Murina_cyclotis","Murina_cyclotis",0,0,0.121827411167512,0.00204290091930575
"Murina_huttoni","Murina_huttoni",0,0,0.121827411167512,0.00204290091930575
"Murina_puta","Murina_puta",0,0,0.121827411167512,0.00204290091930575
"Murina_rozendaali","Murina_rozendaali",0,0,0.047112462681757,0.00204290091930575
"Murina_aurata","Murina_aurata",0,0,0.047112462681757,0.00204290091930575
"Murina_florium","Murina_florium",0,0,0.047112462681757,0.00204290091930575
"Murina_silvatica","Murina_silvatica",0,0,0.047112462681757,0.00204290091930575
"Murina_suilla","Murina_suilla",0,0,0.047112462681757,0.00204290091930575
"Murina_tenebrosa","Murina_tenebrosa",0,0,0.047112462681757,0.00204290091930575
"Murina_tubinaris","Murina_tubinaris",0,0,0.047112462681757,0.00204290091930575
"Murina_ussuriensis","Murina_ussuriensis",0,0,0.047112462681757,0.00204290091930575
"Murina_fusca","Murina_fusca",0,0,0.047112462681757,0.00204290091930575
"Murina_leucogaster","Murina_leucogaster",0,0,0.121827411167512,0.00204290091930575
"Murina_hilgendorfi","Murina_hilgendorfi",0,0,0.121827411167512,0.00204290091930575
"Phoniscus_aerosa","Phoniscus_aerosa",0,0,0.121827411167512,0.00204290091930575
"Phoniscus_atrox","Phoniscus_atrox",0,0,0.121827411167512,0.00204290091930575
"Phoniscus_jagorii","Phoniscus_jagorii",0,0,0.121827411167512,0.00204290091930575
"Phoniscus_papuensis","Phoniscus_papuensis",0,0,0.121827411167512,0.00204290091930575
"Kerivoula_agnella","Kerivoula_agnella",0,0,0.121827411167512,0.00204290091930575
"Kerivoula_argentata","Kerivoula_argentata",0,0,0.121827411167512,0.00204290091930575
"Kerivoula_cuprosa","Kerivoula_cuprosa",0,0,0.121827411167512,0.00204290091930575
"Kerivoula_eriophora","Kerivoula_eriophora",0,0,0.121827411167512,0.00204290091930575
"Kerivoula_flora","Kerivoula_flora",0,0,0.121827411167512,0.00204290091930575
"Kerivoula_hardwickii","Kerivoula_hardwickii",0,0,0.121827411167512,0.00204290091930575
"Kerivoula_intermedia","Kerivoula_intermedia",0,0,0.121827411167512,0.00204290091930575
"Kerivoula_lanosa","Kerivoula_lanosa",0,0,0.121827411167512,0.00204290091930575
"Kerivoula_minuta","Kerivoula_minuta",0,0,0.121827411167512,0.00204290091930575
"Kerivoula_muscina","Kerivoula_muscina",0,0,0.121827411167512,0.00204290091930575
"Kerivoula_myrella","Kerivoula_myrella",0,0,0.121827411167512,0.00204290091930575
"Kerivoula_papillosa","Kerivoula_papillosa",0,0,0.121827411167512,0.00204290091930575
"Kerivoula_lenis","Kerivoula_lenis",0,0,0.047112462681757,0.00204290091930575
"Kerivoula_pellucida","Kerivoula_pellucida",0,0,0.047112462681757,0.00204290091930575
"Kerivoula_phalaena","Kerivoula_phalaena",0,0,0.047112462681757,0.00204290091930575
"Kerivoula_picta","Kerivoula_picta",0,0,0.047112462681757,0.00204290091930575
"Kerivoula_smithii","Kerivoula_smithii",0,0,0.047112462681757,0.00204290091930575
"Kerivoula_whiteheadi","Kerivoula_whiteheadi",0,0,0.047112462681757,0.00204290091930575
"Myotis_abei","Myotis_abei",0,0,0.047112462681757,0.00204290091930575
"Myotis_aelleni","Myotis_aelleni",0,0,0.047112462681757,0.00204290091930575
"Myotis_albescens","Myotis_albescens",0,0,0.047112462681757,0.00204290091930575
"Nycticeius_aenobarbus","Nycticeius_aenobarbus",0,0,0.121827411167512,0.00204290091930575
"Myotis_austroriparius","Myotis_austroriparius",0,0,0.121827411167512,0.00204290091930575
"Myotis_chiloensis","Myotis_chiloensis",0,0,0.047112462681757,0.00204290091930575
"Myotis_cobanensis","Myotis_cobanensis",0,0,0.047112462681757,0.00204290091930575
"Myotis_dasycneme","Myotis_dasycneme",1,0,0.047112462681757,0.00204290091930575
"Myotis_fortidens","Myotis_fortidens",0,0,0.047112462681757,0.00204290091930575
"Myotis_grisescens","Myotis_grisescens",0,0,0.047112462681757,0.00204290091930575
"Myotis_levis","Myotis_levis",0,0,0.047112462681757,0.00204290091930575
"Myotis_lucifugus","Myotis_lucifugus",0,0,0.047112462681757,0.00204290091930575
"Myotis_occultus","Myotis_occultus",0,0,0.047112462681757,0.00204290091930575
"Myotis_montivagus","Myotis_montivagus",0,0,0.047112462681757,0.00204290091930575
"Myotis_oxyotus","Myotis_oxyotus",0,0,0.047112462681757,0.00204290091930575
"Myotis_peninsularis","Myotis_peninsularis",0,0,0.047112462681757,0.00204290091930575
"Myotis_ricketti","Myotis_ricketti",1,0,0.047112462681757,0.00204290091930575
"Myotis_velifer","Myotis_velifer",0,0,0.047112462681757,0.00204290091930575
"Myotis_volans","Myotis_volans",0,0,0.047112462681757,0.00204290091930575
"Myotis_yumanensis","Myotis_yumanensis",0,0,0.047112462681757,0.00204290091930575
"Cistugo_lesueuri","Cistugo_lesueuri",0,0,0.047112462681757,0.00204290091930575
"Cistugo_seabrae","Cistugo_seabrae",0,0,0.047112462681757,0.00204290091930575
"Myotis_macrotarsus","Myotis_macrotarsus",0,0,0.121827411167512,0.00204290091930575
"Myotis_stalkeri","Myotis_stalkeri",0,0,0.047112462681757,0.00204290091930575
"Myotis_vivesi","Myotis_vivesi",0,0,0.047112462681757,0.00204290091930575
"Myotis_riparius","Myotis_riparius",0,0,0.047112462681757,0.00204290091930575
"Myotis_simus","Myotis_simus",0,0,0.047112462681757,0.00204290091930575
"Myotis_ruber","Myotis_ruber",0,0,0.047112462681757,0.00204290091930575
"Myotis_adversus","Myotis_adversus",0,0,0.047112462681757,0.00204290091930575
"Myotis_macropus","Myotis_macropus",0,0,0.047112462681757,0.00204290091930575
"Myotis_moluccarum","Myotis_moluccarum",0,0,0.047112462681757,0.00204290091930575
"Myotis_bocagii","Myotis_bocagii",0,0,0.047112462681757,0.00204290091930575
"Myotis_hasseltii","Myotis_hasseltii",0,0,0.047112462681757,0.00204290091930575
"Myotis_horsfieldii","Myotis_horsfieldii",0,0,0.047112462681757,0.00204290091930575
"Myotis_capaccinii","Myotis_capaccinii",0,0,0.047112462681757,0.00204290091930575
"Myotis_laniger","Myotis_laniger",0,0,0.047112462681757,0.00204290091930575
"Myotis_daubentonii","Myotis_daubentonii",1,0,0.047112462681757,0.00204290091930575
"Myotis_longipes","Myotis_longipes",0,0,0.047112462681757,0.00204290091930575
"Myotis_macrodactylus","Myotis_macrodactylus",0,0,0.121827411167512,0.00204290091930575
"Myotis_fimbriatus","Myotis_fimbriatus",0,0,0.121827411167512,0.00204290091930575
"Myotis_pruinosus","Myotis_pruinosus",0,0,0.121827411167512,0.00204290091930575
"Myotis_formosus","Myotis_formosus",0,0,0.121827411167512,0.00204290091930575
"Myotis_hermani","Myotis_hermani",0,0,0.047112462681757,0.00204290091930575
"Myotis_welwitschii","Myotis_welwitschii",0,0,0.047112462681757,0.00204290091930575
"Myotis_emarginatus","Myotis_emarginatus",1,0,0.047112462681757,0.00204290091930575
"Myotis_goudoti","Myotis_goudoti",0,0,0.047112462681757,0.00204290091930575
"Myotis_anjouanensis","Myotis_anjouanensis",0,0,0.047112462681757,0.00204290091930575
"Myotis_morrisi","Myotis_morrisi",0,0,0.047112462681757,0.00204290091930575
"Myotis_tricolor","Myotis_tricolor",0,0,0.047112462681757,0.00204290091930575
"Myotis_blythii","Myotis_blythii",0,0,0.047112462681757,0.00204290091930575
"Myotis_oxygnathus","Myotis_oxygnathus",0,0,0.047112462681757,0.00204290091930575
"Myotis_punicus","Myotis_punicus",0,0,0.047112462681757,0.00204290091930575
"Myotis_chinensis","Myotis_chinensis",0,0,0.121827411167512,0.00204290091930575
"Myotis_myotis","Myotis_myotis",0,0,0.121827411167512,0.00204290091930575
"Myotis_sicarius","Myotis_sicarius",0,0,0.121827411167512,0.00204290091930575
"Myotis_bechsteinii","Myotis_bechsteinii",0,0,0.121827411167512,0.00204290091930575
"Myotis_auriculus","Myotis_auriculus",0,0,0.121827411167512,0.00204290091930575
"Myotis_evotis","Myotis_evotis",0,0,0.121827411167512,0.00204290091930575
"Myotis_keenii","Myotis_keenii",0,0,0.121827411167512,0.00204290091930575
"Myotis_septentrionalis","Myotis_septentrionalis",0,0,0.121827411167512,0.00204290091930575
"Myotis_pequinius","Myotis_pequinius",0,0,0.121827411167512,0.00204290091930575
"Myotis_bombinus","Myotis_bombinus",0,0,0.121827411167512,0.00204290091930575
"Myotis_nattereri","Myotis_nattereri",0,0,0.121827411167512,0.00204290091930575
"Myotis_schaubi","Myotis_schaubi",0,0,0.121827411167512,0.00204290091930575
"Myotis_thysanodes","Myotis_thysanodes",0,0,0.121827411167512,0.00204290091930575
"Myotis_siligorensis","Myotis_siligorensis",0,0,0.121827411167512,0.00204290091930575
"Myotis_scotti","Myotis_scotti",0,0,0.121827411167512,0.00204290091930575
"Myotis_oreias","Myotis_oreias",0,0,0.047112462681757,0.00204290091930575
"Myotis_altarium","Myotis_altarium",0,0,0.047112462681757,0.00204290091930575
"Myotis_californicus","Myotis_californicus",0,0,0.047112462681757,0.00204290091930575
"Myotis_leibii","Myotis_leibii",0,0,0.047112462681757,0.00204290091930575
"Myotis_melanorhinus","Myotis_melanorhinus",0,0,0.047112462681757,0.00204290091930575
"Myotis_ciliolabrum","Myotis_ciliolabrum",0,0,0.047112462681757,0.00204290091930575
"Myotis_planiceps","Myotis_planiceps",0,0,0.121827411167512,0.00204290091930575
"Myotis_brandtii","Myotis_brandtii",0,0,0.121827411167512,0.00204290091930575
"Myotis_insularum","Myotis_insularum",0,0,0.121827411167512,0.00204290091930575
"Myotis_mystacinus","Myotis_mystacinus",0,0,0.121827411167512,0.00204290091930575
"Myotis_hajastanicus","Myotis_hajastanicus",0,0,0.047112462681757,0.00204290091930575
"Myotis_nipalensis","Myotis_nipalensis",0,0,0.047112462681757,0.00204290091930575
"Myotis_davidii","Myotis_davidii",0,0,0.047112462681757,0.00204290091930575
"Myotis_frater","Myotis_frater",0,0,0.047112462681757,0.00204290091930575
"Myotis_bucharensis","Myotis_bucharensis",0,0,0.047112462681757,0.00204290091930575
"Myotis_annectans","Myotis_annectans",0,0,0.047112462681757,0.00204290091930575
"Myotis_australis","Myotis_australis",0,0,0.047112462681757,0.00204290091930575
"Myotis_hosonoi","Myotis_hosonoi",0,0,0.047112462681757,0.00204290091930575
"Myotis_ikonnikovi","Myotis_ikonnikovi",0,0,0.047112462681757,0.00204290091930575
"Myotis_muricola","Myotis_muricola",0,0,0.047112462681757,0.00204290091930575
"Myotis_ater","Myotis_ater",0,0,0.047112462681757,0.00204290091930575
"Myotis_ozensis","Myotis_ozensis",0,0,0.047112462681757,0.00204290091930575
"Myotis_ridleyi","Myotis_ridleyi",0,0,0.047112462681757,0.00204290091930575
"Myotis_rosseti","Myotis_rosseti",0,0,0.047112462681757,0.00204290091930575
"Myotis_yesoensis","Myotis_yesoensis",0,0,0.047112462681757,0.00204290091930575
"Myotis_atacamensis","Myotis_atacamensis",0,0,0.047112462681757,0.00204290091930575
"Myotis_dominicensis","Myotis_dominicensis",0,0,0.047112462681757,0.00204290091930575
"Myotis_elegans","Myotis_elegans",0,0,0.047112462681757,0.00204290091930575
"Myotis_findleyi","Myotis_findleyi",0,0,0.047112462681757,0.00204290091930575
"Myotis_keaysi","Myotis_keaysi",0,0,0.047112462681757,0.00204290091930575
"Myotis_martiniquensis","Myotis_martiniquensis",0,0,0.047112462681757,0.00204290091930575
"Myotis_nesopolus","Myotis_nesopolus",0,0,0.047112462681757,0.00204290091930575
"Myotis_nigricans","Myotis_nigricans",0,0,0.047112462681757,0.00204290091930575
"Myotis_sodalis","Myotis_sodalis",0,0,0.047112462681757,0.00204290091930575
